  JULDAY,    TIME,   TALOC,   TAREF,   RHLOC,      RH,    VLOC,    VREF,SNOWMELT, POOLDEP,  PCTWET,     ZEN,    SOLR,   TSKYC,     DEW,   FROST,SNOWFALL, SNOWDEP,SNOWDENS
 15.,   0.00,  4.26,  4.79, 83.07, 80.05,  0.299,  1.361,  0.00,  0.00, 92.10 , 90.00,   0.00,  -4.63,0.,0.,   0.00,   0.00,  0.218
 15.,  60.00,  4.04,  4.68, 86.47, 82.66,  0.260,  1.185,  0.00,  0.00, 92.07 , 90.00,   0.00,  -4.66,0.,0.,   0.00,   0.00,  0.218
 15., 120.00,  3.91,  4.60, 89.46, 85.27,  0.222,  1.009,  0.00,  0.00, 92.03 , 90.00,   0.00,  -4.68,0.,0.,   0.00,   0.00,  0.218
 15., 180.00,  3.82,  4.52, 92.34, 87.88,  0.183,  0.834,  0.00,  0.00, 91.97 , 90.00,   0.00,  -4.68,0.,0.,   0.00,   0.00,  0.218
 15., 240.00,  3.74,  4.46, 95.24, 90.49,  0.144,  0.658,  0.00,  0.00, 91.84 , 90.00,   0.00,  -4.67,0.,0.,   0.00,   0.00,  0.218
 15., 300.00,  3.65,  4.42, 98.25, 93.10,  0.106,  0.483,  0.00,  0.00, 91.26 , 90.00,   0.00,  -4.65,0.,0.,   0.00,   0.00,  0.218
 15., 360.00,  3.51,  4.38,100.00, 95.71,  0.057,  0.261,  0.00,  0.00, 90.49 , 90.00,   0.00,  -4.62,0.,0.,   0.00,   0.00,  0.218
 15., 420.00,  3.37,  4.34,100.00, 99.00,  0.035,  0.161,  0.00,  0.00, 90.38 , 90.00,   0.24,  -4.56,0.,0.,   0.00,   0.00,  0.218
 15., 480.00,  4.19,  4.50,100.00, 99.00,  0.119,  0.544,  0.00,  0.00, 90.29 , 84.84,  34.34,  -4.38,0.,0.,   0.00,   0.00,  0.218
 15., 540.00,  5.84,  5.75, 90.95, 91.52,  0.204,  0.927,  0.00,  0.00, 91.91 , 76.69, 108.02,  -3.20,0.,0.,   0.00,   0.00,  0.218
 15., 600.00,  8.64,  7.63, 75.98, 81.38,  0.288,  1.310,  0.00,  0.00, 92.04 , 70.26, 174.43,  -1.41,0.,0.,   0.00,   0.00,  0.218
 15., 660.00, 10.21,  9.59, 58.63, 61.10,  0.372,  1.694,  0.00,  0.00, 92.07 , 66.08, 216.54,   0.02,0.,0.,   0.00,   0.00,  0.218
 15., 720.00, 11.33, 11.06, 60.01, 61.10,  0.540,  2.460,  0.00,  0.00, 92.05 , 64.62, 231.56,   1.66,0.,0.,   0.00,   0.00,  0.218
 15., 780.00, 11.82, 11.60, 61.76, 62.68,  0.540,  2.460,  0.00,  0.00, 92.02 , 66.08, 216.39,   2.33,0.,0.,   0.00,   0.00,  0.218
 15., 840.00, 11.24, 11.06, 63.48, 64.26,  0.518,  2.360,  0.00,  0.00, 92.00 , 70.26, 175.81,   1.80,0.,0.,   0.00,   0.00,  0.218
 15., 900.00,  9.59,  9.59, 65.85, 65.84,  0.496,  2.260,  0.00,  0.00, 91.97 , 76.69, 109.31,   0.22,0.,0.,   0.00,   0.00,  0.218
 15., 960.00,  7.28,  7.63, 69.07, 67.42,  0.474,  2.160,  0.00,  0.00, 91.94 , 84.84,  34.89,  -1.91,0.,0.,   0.00,   0.00,  0.218
 15.,1020.00,  5.86,  6.62, 72.69, 69.00,  0.452,  2.060,  0.00,  0.00, 91.92 , 90.00,   0.24,  -2.98,0.,0.,   0.00,   0.00,  0.218
 15.,1080.00,  5.27,  6.18, 75.13, 70.58,  0.430,  1.960,  0.00,  0.00, 91.89 , 90.00,   0.00,  -3.41,0.,0.,   0.00,   0.00,  0.218
 15.,1140.00,  4.90,  5.82, 76.92, 72.15,  0.408,  1.860,  0.00,  0.00, 91.88 , 90.00,   0.00,  -3.76,0.,0.,   0.00,   0.00,  0.218
 15.,1200.00,  4.61,  5.52, 78.58, 73.73,  0.386,  1.760,  0.00,  0.00, 91.86 , 90.00,   0.00,  -4.03,0.,0.,   0.00,   0.00,  0.218
 15.,1260.00,  4.40,  5.28, 80.10, 75.31,  0.364,  1.660,  0.00,  0.00, 91.84 , 90.00,   0.00,  -4.24,0.,0.,   0.00,   0.00,  0.218
 15.,1320.00,  4.17,  5.08, 81.98, 76.89,  0.343,  1.560,  0.00,  0.00, 91.82 , 90.00,   0.00,  -4.41,0.,0.,   0.00,   0.00,  0.218
 15.,1380.00,  4.09,  4.92, 83.17, 78.47,  0.321,  1.461,  0.00,  0.00, 91.80 , 90.00,   0.00,  -4.53,0.,0.,   0.00,   0.00,  0.218
 46.,   0.00,  5.10,  5.47, 80.13, 78.05,  0.334,  1.521,  0.00,  0.00, 92.11 , 90.00,   0.00,  -4.39,0.,0.,   0.00,   0.00,  0.218
 46.,  60.00,  4.81,  5.38, 84.17, 80.88,  0.285,  1.297,  0.00,  0.00, 92.09 , 90.00,   0.00,  -4.39,0.,0.,   0.00,   0.00,  0.218
 46., 120.00,  4.68,  5.30, 87.41, 83.70,  0.236,  1.074,  0.00,  0.00, 92.07 , 90.00,   0.00,  -4.38,0.,0.,   0.00,   0.00,  0.218
 46., 180.00,  4.60,  5.24, 90.51, 86.53,  0.187,  0.850,  0.00,  0.00, 92.04 , 90.00,   0.00,  -4.35,0.,0.,   0.00,   0.00,  0.218
 46., 240.00,  4.52,  5.19, 93.63, 89.36,  0.138,  0.627,  0.00,  0.00, 91.99 , 90.00,   0.00,  -4.31,0.,0.,   0.00,   0.00,  0.218
 46., 300.00,  4.39,  5.15, 97.23, 92.18,  0.064,  0.292,  0.00,  0.00, 91.79 , 90.00,   0.00,  -4.27,0.,0.,   0.00,   0.00,  0.218
 46., 360.00,  4.23,  5.12,100.00, 96.42,  0.023,  0.103,  0.00,  0.00, 91.15 , 90.00,   0.00,  -4.17,0.,0.,   0.00,   0.00,  0.218
 46., 420.00,  4.54,  5.11,100.00, 96.42,  0.106,  0.481,  0.00,  0.00, 91.11 , 87.97,  10.67,  -4.17,0.,0.,   0.00,   0.00,  0.218
 46., 480.00,  6.15,  5.93, 90.94, 92.33,  0.189,  0.859,  0.00,  0.00, 92.01 , 78.40,  92.38,  -3.38,0.,0.,   0.00,   0.00,  0.218
 46., 540.00,  8.43,  7.39, 78.39, 84.17,  0.272,  1.237,  0.00,  0.00, 92.07 , 69.65, 185.65,  -2.00,0.,0.,   0.00,   0.00,  0.218
 46., 600.00, 10.66,  9.15, 68.65, 76.01,  0.355,  1.615,  0.00,  0.00, 92.09 , 62.59, 257.83,  -0.30,0.,0.,   0.00,   0.00,  0.218
 46., 660.00, 11.93, 10.80, 55.40, 59.68,  0.438,  1.993,  0.00,  0.00, 92.09 , 57.92, 312.47,   0.87,0.,0.,   0.00,   0.00,  0.218
 46., 720.00, 12.78, 11.98, 56.61, 59.68,  0.604,  2.750,  0.00,  0.00, 92.09 , 56.27, 321.83,   2.20,0.,0.,   0.00,   0.00,  0.218
 46., 780.00, 13.16, 12.40, 58.22, 61.21,  0.604,  2.750,  0.00,  0.00, 92.08 , 57.92, 312.26,   2.75,0.,0.,   0.00,   0.00,  0.218
 46., 840.00, 12.64, 11.98, 60.07, 62.74,  0.579,  2.638,  0.00,  0.00, 92.07 , 62.59, 259.32,   2.34,0.,0.,   0.00,   0.00,  0.218
 46., 900.00, 11.26, 10.80, 62.35, 64.27,  0.555,  2.526,  0.00,  0.00, 92.06 , 69.65, 187.27,   1.08,0.,0.,   0.00,   0.00,  0.218
 46., 960.00,  9.20,  9.15, 65.57, 65.80,  0.530,  2.414,  0.00,  0.00, 92.05 , 78.40,  93.46,  -0.73,0.,0.,   0.00,   0.00,  0.218
 46.,1020.00,  6.93,  7.39, 69.48, 67.33,  0.505,  2.303,  0.00,  0.00, 92.04 , 87.97,  10.82,  -2.65,0.,0.,   0.00,   0.00,  0.218
 46.,1080.00,  6.02,  6.82, 72.73, 68.87,  0.481,  2.191,  0.00,  0.00, 92.03 , 90.00,   0.00,  -3.23,0.,0.,   0.00,   0.00,  0.218
 46.,1140.00,  5.58,  6.45, 74.77, 70.40,  0.456,  2.079,  0.00,  0.00, 92.03 , 90.00,   0.00,  -3.58,0.,0.,   0.00,   0.00,  0.218
 46.,1200.00,  5.28,  6.16, 76.47, 71.93,  0.432,  1.968,  0.00,  0.00, 92.02 , 90.00,   0.00,  -3.85,0.,0.,   0.00,   0.00,  0.218
 46.,1260.00,  5.08,  5.93, 77.92, 73.46,  0.407,  1.856,  0.00,  0.00, 92.02 , 90.00,   0.00,  -4.05,0.,0.,   0.00,   0.00,  0.218
 46.,1320.00,  4.82,  5.74, 79.94, 74.99,  0.383,  1.744,  0.00,  0.00, 92.01 , 90.00,   0.00,  -4.20,0.,0.,   0.00,   0.00,  0.218
 46.,1380.00,  4.80,  5.59, 80.88, 76.52,  0.358,  1.632,  0.00,  0.00, 92.01 , 90.00,   0.00,  -4.31,0.,0.,   0.00,   0.00,  0.218
 74.,   0.00,  5.88,  6.06, 77.55, 76.60,  0.334,  1.521,  0.00,  0.00, 92.11 , 90.00,   0.00,  -4.29,0.,0.,   0.00,   0.00,  0.218
 74.,  60.00,  5.48,  5.96, 82.46, 79.77,  0.281,  1.279,  0.00,  0.00, 92.09 , 90.00,   0.00,  -4.27,0.,0.,   0.00,   0.00,  0.218
 74., 120.00,  5.35,  5.88, 86.07, 82.95,  0.228,  1.038,  0.00,  0.00, 92.08 , 90.00,   0.00,  -4.23,0.,0.,   0.00,   0.00,  0.218
 74., 180.00,  5.27,  5.82, 89.48, 86.12,  0.175,  0.796,  0.00,  0.00, 92.06 , 90.00,   0.00,  -4.18,0.,0.,   0.00,   0.00,  0.218
 74., 240.00,  5.21,  5.78, 92.86, 89.30,  0.122,  0.555,  0.00,  0.00, 92.02 , 90.00,   0.00,  -4.12,0.,0.,   0.00,   0.00,  0.218
 74., 300.00,  5.13,  5.74, 96.49, 92.47,  0.064,  0.292,  0.00,  0.00, 91.90 , 90.00,   0.00,  -4.05,0.,0.,   0.00,   0.00,  0.218
 74., 360.00,  5.13,  5.71, 99.87, 95.93,  0.057,  0.260,  0.00,  0.00, 91.31 , 90.00,   3.18,  -3.97,0.,0.,   0.00,   0.00,  0.218
 74., 420.00,  6.01,  5.94, 95.45, 95.93,  0.135,  0.615,  0.00,  0.00, 91.94 , 80.82,  70.58,  -3.70,0.,0.,   0.00,   0.00,  0.218
 74., 480.00,  8.39,  7.02, 80.82, 88.77,  0.213,  0.971,  0.00,  0.00, 92.08 , 70.45, 181.45,  -2.71,0.,0.,   0.00,   0.00,  0.218
 74., 540.00, 10.78,  8.62, 69.95, 80.89,  0.291,  1.327,  0.00,  0.00, 92.10 , 60.99, 285.57,  -1.16,0.,0.,   0.00,   0.00,  0.218
 74., 600.00, 12.87, 10.42, 62.10, 73.02,  0.369,  1.683,  0.00,  0.00, 92.10 , 53.11, 359.89,   0.59,0.,0.,   0.00,   0.00,  0.218
 74., 660.00, 14.10, 12.06, 50.12, 57.27,  0.447,  2.038,  0.00,  0.00, 92.10 , 47.72, 418.68,   1.69,0.,0.,   0.00,   0.00,  0.218
 74., 720.00, 14.63, 13.19, 52.17, 57.27,  0.604,  2.750,  0.00,  0.00, 92.09 , 45.77, 432.66,   3.00,0.,0.,   0.00,   0.00,  0.218
 74., 780.00, 14.94, 13.60, 53.98, 58.88,  0.604,  2.750,  0.00,  0.00, 92.09 , 47.72, 418.42,   3.56,0.,0.,   0.00,   0.00,  0.218
 74., 840.00, 14.43, 13.19, 55.83, 60.49,  0.579,  2.638,  0.00,  0.00, 92.08 , 53.11, 361.60,   3.18,0.,0.,   0.00,   0.00,  0.218
 74., 900.00, 13.14, 12.06, 57.85, 62.10,  0.555,  2.526,  0.00,  0.00, 92.07 , 60.99, 287.61,   1.95,0.,0.,   0.00,   0.00,  0.218
 74., 960.00, 11.13, 10.42, 60.78, 63.71,  0.530,  2.414,  0.00,  0.00, 92.06 , 70.45, 183.19,   0.15,0.,0.,   0.00,   0.00,  0.218
 74.,1020.00,  8.73,  8.62, 64.82, 65.32,  0.505,  2.303,  0.00,  0.00, 92.06 , 80.82,  71.42,  -1.84,0.,0.,   0.00,   0.00,  0.218
 74.,1080.00,  7.00,  7.52, 69.36, 66.93,  0.481,  2.191,  0.00,  0.00, 92.05 , 90.00,   3.21,  -3.03,0.,0.,   0.00,   0.00,  0.218
 74.,1140.00,  6.31,  7.11, 72.40, 68.54,  0.456,  2.079,  0.00,  0.00, 92.05 , 90.00,   0.00,  -3.43,0.,0.,   0.00,   0.00,  0.218
 74.,1200.00,  5.94,  6.79, 74.39, 70.16,  0.432,  1.968,  0.00,  0.00, 92.05 , 90.00,   0.00,  -3.72,0.,0.,   0.00,   0.00,  0.218
 74.,1260.00,  5.68,  6.54, 76.16, 71.77,  0.407,  1.856,  0.00,  0.00, 92.05 , 90.00,   0.00,  -3.94,0.,0.,   0.00,   0.00,  0.218
 74.,1320.00,  5.49,  6.34, 77.79, 73.38,  0.383,  1.744,  0.00,  0.00, 92.04 , 90.00,   0.00,  -4.10,0.,0.,   0.00,   0.00,  0.218
 74.,1380.00,  5.31,  6.18, 79.66, 74.99,  0.358,  1.632,  0.00,  0.00, 92.04 , 90.00,   0.00,  -4.21,0.,0.,   0.00,   0.00,  0.218
105.,   0.00,  7.40,  7.36, 77.63, 77.85,  0.334,  1.521,  0.00,  0.00, 92.11 , 90.00,   0.00,  -2.87,0.,0.,   0.00,   0.00,  0.218
105.,  60.00,  6.99,  7.27, 83.09, 81.47,  0.270,  1.230,  0.00,  0.00, 92.10 , 90.00,   0.00,  -2.82,0.,0.,   0.00,   0.00,  0.218
105., 120.00,  6.88,  7.21, 87.05, 85.10,  0.206,  0.940,  0.00,  0.00, 92.09 , 90.00,   0.00,  -2.75,0.,0.,   0.00,   0.00,  0.218
105., 180.00,  6.83,  7.16, 90.75, 88.72,  0.143,  0.650,  0.00,  0.00, 92.06 , 90.00,   0.00,  -2.67,0.,0.,   0.00,   0.00,  0.218
105., 240.00,  6.79,  7.12, 94.47, 92.35,  0.064,  0.292,  0.00,  0.00, 92.02 , 90.00,   0.00,  -2.58,0.,0.,   0.00,   0.00,  0.218
105., 300.00,  6.77,  7.09, 98.94, 96.82,  0.048,  0.218,  0.00,  0.00, 91.51 , 90.00,   0.29,  -2.46,0.,0.,   0.00,   0.00,  0.218
105., 360.00,  7.50,  7.19, 94.78, 96.82,  0.117,  0.534,  0.00,  0.00, 92.00 , 83.46,  47.58,  -2.34,0.,0.,   0.00,   0.00,  0.218
105., 420.00,  9.07,  7.95, 85.12, 91.78,  0.187,  0.851,  0.00,  0.00, 92.08 , 72.58, 156.79,  -1.64,0.,0.,   0.00,   0.00,  0.218
105., 480.00, 11.67,  9.20, 72.23, 85.20,  0.256,  1.167,  0.00,  0.00, 92.10 , 61.82, 274.36,  -0.44,0.,0.,   0.00,   0.00,  0.218
105., 540.00, 13.58, 10.72, 65.08, 78.62,  0.326,  1.484,  0.00,  0.00, 92.10 , 51.64, 375.56,   1.05,0.,0.,   0.00,   0.00,  0.218
105., 600.00, 15.27, 12.26, 59.26, 72.04,  0.395,  1.800,  0.00,  0.00, 92.10 , 42.74, 453.40,   2.56,0.,0.,   0.00,   0.00,  0.218
105., 660.00, 16.26, 13.59, 49.57, 58.88,  0.465,  2.117,  0.00,  0.00, 92.10 , 36.29, 506.53,   3.42,0.,0.,   0.00,   0.00,  0.218
105., 720.00, 16.55, 14.49, 51.57, 58.88,  0.604,  2.750,  0.00,  0.00, 92.10 , 33.85, 524.11,   4.46,0.,0.,   0.00,   0.00,  0.218
105., 780.00, 16.76, 14.80, 53.32, 60.46,  0.604,  2.750,  0.00,  0.00, 92.09 , 36.29, 506.23,   4.91,0.,0.,   0.00,   0.00,  0.218
105., 840.00, 16.38, 14.49, 54.94, 62.04,  0.579,  2.638,  0.00,  0.00, 92.08 , 42.74, 455.11,   4.63,0.,0.,   0.00,   0.00,  0.218
105., 900.00, 15.31, 13.59, 56.94, 63.62,  0.555,  2.526,  0.00,  0.00, 92.07 , 51.64, 377.70,   3.68,0.,0.,   0.00,   0.00,  0.218
105., 960.00, 13.63, 12.26, 59.61, 65.20,  0.530,  2.414,  0.00,  0.00, 92.07 , 61.82, 276.44,   2.22,0.,0.,   0.00,   0.00,  0.218
105.,1020.00, 11.52, 10.72, 63.30, 66.78,  0.505,  2.303,  0.00,  0.00, 92.06 , 72.58, 158.28,   0.51,0.,0.,   0.00,   0.00,  0.218
105.,1080.00,  9.29,  9.20, 67.95, 68.36,  0.481,  2.191,  0.00,  0.00, 92.06 , 83.46,  48.12,  -1.17,0.,0.,   0.00,   0.00,  0.218
105.,1140.00,  7.94,  8.43, 72.32, 69.95,  0.456,  2.079,  0.00,  0.00, 92.05 , 90.00,   0.29,  -1.98,0.,0.,   0.00,   0.00,  0.218
105.,1200.00,  7.39,  8.08, 75.00, 71.53,  0.432,  1.968,  0.00,  0.00, 92.05 , 90.00,   0.00,  -2.31,0.,0.,   0.00,   0.00,  0.218
105.,1260.00,  7.08,  7.82, 76.89, 73.11,  0.407,  1.856,  0.00,  0.00, 92.05 , 90.00,   0.00,  -2.54,0.,0.,   0.00,   0.00,  0.218
105.,1320.00,  6.92,  7.62, 78.36, 74.69,  0.383,  1.744,  0.00,  0.00, 92.05 , 90.00,   0.00,  -2.70,0.,0.,   0.00,   0.00,  0.218
105.,1380.00,  6.66,  7.47, 80.65, 76.27,  0.358,  1.632,  0.00,  0.00, 92.04 , 90.00,   0.00,  -2.80,0.,0.,   0.00,   0.00,  0.218
135.,   0.00,  9.90,  9.70, 77.41, 78.45,  0.325,  1.481,  0.00,  0.00, 92.11 , 90.00,   0.00,  -0.38,0.,0.,   0.00,   0.00,  0.218
135.,  60.00,  9.45,  9.62, 83.59, 82.66,  0.249,  1.134,  0.00,  0.00, 92.10 , 90.00,   0.00,  -0.29,0.,0.,   0.00,   0.00,  0.218
135., 120.00,  9.38,  9.56, 87.93, 86.88,  0.173,  0.787,  0.00,  0.00, 92.08 , 90.00,   0.00,  -0.19,0.,0.,   0.00,   0.00,  0.218
135., 180.00,  9.38,  9.51, 91.89, 91.09,  0.062,  0.284,  0.00,  0.00, 92.05 , 90.00,   0.00,  -0.07,0.,0.,   0.00,   0.00,  0.218
135., 240.00,  9.44,  9.48, 97.52, 97.22,  0.035,  0.157,  0.00,  0.00, 91.87 , 90.00,   0.02,   0.12,0.,0.,   0.00,   0.00,  0.218
135., 300.00,  9.56,  9.48, 96.71, 97.22,  0.096,  0.437,  0.00,  0.00, 91.93 , 87.57,  13.07,   0.13,0.,0.,   0.00,   0.00,  0.218
135., 360.00, 10.75, 10.01, 89.56, 94.08,  0.157,  0.717,  0.00,  0.00, 92.06 , 77.26, 107.92,   0.63,0.,0.,   0.00,   0.00,  0.218
135., 420.00, 13.12, 10.99, 76.78, 88.35,  0.219,  0.997,  0.00,  0.00, 92.10 , 66.51, 220.87,   1.55,0.,0.,   0.00,   0.00,  0.218
135., 480.00, 14.95, 12.27, 69.41, 82.61,  0.280,  1.277,  0.00,  0.00, 92.10 , 55.63, 332.98,   2.82,0.,0.,   0.00,   0.00,  0.218
135., 540.00, 17.09, 13.69, 61.81, 76.88,  0.342,  1.557,  0.00,  0.00, 92.10 , 45.00, 435.56,   4.23,0.,0.,   0.00,   0.00,  0.218
135., 600.00, 18.37, 15.06, 57.66, 71.15,  0.403,  1.837,  0.00,  0.00, 92.10 , 35.27, 514.46,   5.56,0.,0.,   0.00,   0.00,  0.218
135., 660.00, 19.10, 16.19, 49.67, 59.68,  0.465,  2.117,  0.00,  0.00, 92.10 , 27.73, 564.25,   6.26,0.,0.,   0.00,   0.00,  0.218
135., 720.00, 19.24, 16.94, 51.64, 59.68,  0.588,  2.677,  0.00,  0.00, 92.09 , 24.68, 581.74,   7.13,0.,0.,   0.00,   0.00,  0.218
135., 780.00, 19.41, 17.20, 53.31, 61.25,  0.588,  2.677,  0.00,  0.00, 92.08 , 27.73, 563.93,   7.53,0.,0.,   0.00,   0.00,  0.218
135., 840.00, 19.11, 16.94, 54.78, 62.81,  0.564,  2.568,  0.00,  0.00, 92.06 , 35.27, 516.02,   7.32,0.,0.,   0.00,   0.00,  0.218
135., 900.00, 18.30, 16.19, 56.36, 64.38,  0.540,  2.460,  0.00,  0.00, 92.04 , 45.00, 437.54,   6.53,0.,0.,   0.00,   0.00,  0.218
135., 960.00, 16.83, 15.06, 58.89, 65.94,  0.516,  2.351,  0.00,  0.00, 92.03 , 55.63, 335.00,   5.29,0.,0.,   0.00,   0.00,  0.218
135.,1020.00, 14.94, 13.69, 62.28, 67.50,  0.492,  2.242,  0.00,  0.00, 92.02 , 66.51, 222.56,   3.77,0.,0.,   0.00,   0.00,  0.218
135.,1080.00, 12.82, 12.27, 66.63, 69.07,  0.468,  2.133,  0.00,  0.00, 92.01 , 77.26, 108.91,   2.19,0.,0.,   0.00,   0.00,  0.218
135.,1140.00, 10.76, 10.99, 71.70, 70.63,  0.444,  2.025,  0.00,  0.00, 92.01 , 87.57,  13.21,   0.77,0.,0.,   0.00,   0.00,  0.218
135.,1200.00,  9.87, 10.48, 75.19, 72.19,  0.421,  1.916,  0.00,  0.00, 92.01 , 90.00,   0.02,   0.25,0.,0.,   0.00,   0.00,  0.218
135.,1260.00,  9.47, 10.18, 77.35, 73.76,  0.397,  1.807,  0.00,  0.00, 92.01 , 90.00,   0.00,  -0.02,0.,0.,   0.00,   0.00,  0.218
135.,1320.00,  9.24,  9.97, 79.10, 75.32,  0.373,  1.698,  0.00,  0.00, 92.02 , 90.00,   0.00,  -0.20,0.,0.,   0.00,   0.00,  0.218
135.,1380.00,  9.13,  9.81, 80.47, 76.89,  0.349,  1.589,  0.00,  0.00, 92.02 , 90.00,   0.00,  -0.31,0.,0.,   0.00,   0.00,  0.218
166.,   0.00, 13.05, 12.68, 77.59, 79.50,  0.290,  1.321,  0.00,  0.00, 92.11 , 90.00,   0.00,   2.53,0.,0.,   0.00,   0.00,  0.218
166.,  60.00, 12.53, 12.60, 84.31, 83.89,  0.218,  0.991,  0.00,  0.00, 92.09 , 90.00,   0.00,   2.65,0.,0.,   0.00,   0.00,  0.218
166., 120.00, 12.47, 12.54, 88.71, 88.28,  0.145,  0.662,  0.00,  0.00, 92.07 , 90.00,   0.00,   2.79,0.,0.,   0.00,   0.00,  0.218
166., 180.00, 12.52, 12.50, 92.58, 92.67,  0.056,  0.253,  0.00,  0.00, 92.04 , 90.00,   0.00,   2.93,0.,0.,   0.00,   0.00,  0.218
166., 240.00, 12.59, 12.47, 97.34, 98.11,  0.043,  0.195,  0.00,  0.00, 91.86 , 90.00,   0.53,   3.13,0.,0.,   0.00,   0.00,  0.218
166., 300.00, 13.02, 12.54, 95.11, 98.11,  0.096,  0.439,  0.00,  0.00, 91.98 , 84.33,  42.65,   3.22,0.,0.,   0.00,   0.00,  0.218
166., 360.00, 14.65, 13.15, 85.22, 93.92,  0.150,  0.682,  0.00,  0.00, 92.08 , 74.24, 147.25,   3.77,0.,0.,   0.00,   0.00,  0.218
166., 420.00, 16.89, 14.16, 74.19, 88.42,  0.203,  0.926,  0.00,  0.00, 92.10 , 63.62, 265.33,   4.74,0.,0.,   0.00,   0.00,  0.218
166., 480.00, 18.80, 15.44, 67.02, 82.91,  0.257,  1.170,  0.00,  0.00, 92.10 , 52.75, 380.69,   6.02,0.,0.,   0.00,   0.00,  0.218
166., 540.00, 20.62, 16.83, 61.07, 77.41,  0.310,  1.413,  0.00,  0.00, 92.10 , 41.97, 487.29,   7.42,0.,0.,   0.00,   0.00,  0.218
166., 600.00, 21.82, 18.15, 57.29, 71.90,  0.364,  1.657,  0.00,  0.00, 92.10 , 31.83, 564.14,   8.71,0.,0.,   0.00,   0.00,  0.218
166., 660.00, 22.46, 19.24, 49.94, 60.89,  0.417,  1.900,  0.00,  0.00, 92.09 , 23.62, 617.50,   9.32,0.,0.,   0.00,   0.00,  0.218
166., 720.00, 22.48, 19.95, 52.13, 60.89,  0.524,  2.388,  0.00,  0.00, 92.07 , 20.12, 633.51,  10.18,0.,0.,   0.00,   0.00,  0.218
166., 780.00, 22.66, 20.20, 53.70, 62.45,  0.524,  2.388,  0.00,  0.00, 92.04 , 23.62, 617.20,  10.59,0.,0.,   0.00,   0.00,  0.218
166., 840.00, 22.45, 19.95, 54.89, 64.00,  0.503,  2.291,  0.00,  0.00, 91.99 , 31.83, 565.54,  10.39,0.,0.,   0.00,   0.00,  0.218
166., 900.00, 21.60, 19.24, 56.64, 65.55,  0.482,  2.194,  0.00,  0.00, 91.92 , 41.97, 489.11,   9.63,0.,0.,   0.00,   0.00,  0.218
166., 960.00, 20.15, 18.15, 59.25, 67.10,  0.460,  2.097,  0.00,  0.00, 91.85 , 52.75, 382.58,   8.42,0.,0.,   0.00,   0.00,  0.218
166.,1020.00, 18.29, 16.83, 62.62, 68.65,  0.439,  2.000,  0.00,  0.00, 91.79 , 63.62, 266.98,   6.92,0.,0.,   0.00,   0.00,  0.218
166.,1080.00, 16.17, 15.44, 66.98, 70.20,  0.418,  1.903,  0.00,  0.00, 91.76 , 74.24, 148.35,   5.34,0.,0.,   0.00,   0.00,  0.218
166.,1140.00, 14.07, 14.16, 72.15, 71.75,  0.396,  1.806,  0.00,  0.00, 91.76 , 84.33,  43.02,   3.89,0.,0.,   0.00,   0.00,  0.218
166.,1200.00, 12.88, 13.49, 76.28, 73.30,  0.375,  1.709,  0.00,  0.00, 91.78 , 90.00,   0.53,   3.17,0.,0.,   0.00,   0.00,  0.218
166.,1260.00, 12.43, 13.18, 78.62, 74.85,  0.354,  1.612,  0.00,  0.00, 91.82 , 90.00,   0.00,   2.88,0.,0.,   0.00,   0.00,  0.218
166.,1320.00, 12.19, 12.96, 80.35, 76.40,  0.332,  1.515,  0.00,  0.00, 91.85 , 90.00,   0.00,   2.69,0.,0.,   0.00,   0.00,  0.218
166.,1380.00, 12.03, 12.80, 81.95, 77.95,  0.311,  1.418,  0.00,  0.00, 91.88 , 90.00,   0.00,   2.58,0.,0.,   0.00,   0.00,  0.218
196.,   0.00, 15.26, 15.00, 77.13, 78.45,  0.281,  1.281,  0.00,  0.00, 92.11 , 90.00,   0.00,   4.53,0.,0.,   0.00,   0.00,  0.218
196.,  60.00, 14.75, 14.91, 83.61, 82.73,  0.213,  0.969,  0.00,  0.00, 92.09 , 90.00,   0.00,   4.68,0.,0.,   0.00,   0.00,  0.218
196., 120.00, 14.69, 14.85, 87.90, 87.00,  0.144,  0.657,  0.00,  0.00, 92.07 , 90.00,   0.00,   4.85,0.,0.,   0.00,   0.00,  0.218
196., 180.00, 14.74, 14.81, 91.67, 91.28,  0.054,  0.246,  0.00,  0.00, 92.04 , 90.00,   0.00,   5.02,0.,0.,   0.00,   0.00,  0.218
196., 240.00, 14.84, 14.78, 96.55, 96.92,  0.037,  0.170,  0.00,  0.00, 91.91 , 90.00,   0.16,   5.28,0.,0.,   0.00,   0.00,  0.218
196., 300.00, 15.19, 14.82, 94.66, 96.92,  0.090,  0.408,  0.00,  0.00, 91.98 , 85.50,  35.41,   5.33,0.,0.,   0.00,   0.00,  0.218
196., 360.00, 16.77, 15.42, 85.46, 93.15,  0.142,  0.646,  0.00,  0.00, 92.07 , 75.33, 145.27,   5.88,0.,0.,   0.00,   0.00,  0.218
196., 420.00, 19.19, 16.44, 73.69, 87.62,  0.194,  0.885,  0.00,  0.00, 92.09 , 64.65, 272.72,   6.87,0.,0.,   0.00,   0.00,  0.218
196., 480.00, 21.08, 17.75, 66.75, 82.10,  0.247,  1.123,  0.00,  0.00, 92.10 , 53.77, 397.77,   8.19,0.,0.,   0.00,   0.00,  0.218
196., 540.00, 22.98, 19.19, 60.67, 76.57,  0.299,  1.362,  0.00,  0.00, 92.10 , 43.04, 511.78,   9.65,0.,0.,   0.00,   0.00,  0.218
196., 600.00, 24.32, 20.57, 56.54, 71.04,  0.351,  1.600,  0.00,  0.00, 92.09 , 33.05, 599.17,  11.00,0.,0.,   0.00,   0.00,  0.218
196., 660.00, 24.95, 21.70, 49.28, 59.98,  0.404,  1.839,  0.00,  0.00, 92.08 , 25.08, 654.17,  11.57,0.,0.,   0.00,   0.00,  0.218
196., 720.00, 24.96, 22.44, 51.55, 59.98,  0.508,  2.315,  0.00,  0.00, 92.04 , 21.77, 671.57,  12.50,0.,0.,   0.00,   0.00,  0.218
196., 780.00, 25.15, 22.70, 53.09, 61.52,  0.508,  2.315,  0.00,  0.00, 91.97 , 25.08, 653.91,  12.95,0.,0.,   0.00,   0.00,  0.218
196., 840.00, 24.86, 22.44, 54.52, 63.06,  0.488,  2.221,  0.00,  0.00, 91.83 , 33.05, 600.39,  12.75,0.,0.,   0.00,   0.00,  0.218
196., 900.00, 23.96, 21.70, 56.31, 64.60,  0.467,  2.127,  0.00,  0.00, 91.56 , 43.04, 513.35,  11.94,0.,0.,   0.00,   0.00,  0.218
196., 960.00, 22.46, 20.57, 58.90, 66.14,  0.446,  2.033,  0.00,  0.00, 91.18 , 53.77, 399.40,  10.65,0.,0.,   0.00,   0.00,  0.218
196.,1020.00, 20.50, 19.19, 62.41, 67.68,  0.426,  1.939,  0.00,  0.00, 90.81 , 64.65, 274.12,   9.04,0.,0.,   0.00,   0.00,  0.218
196.,1080.00, 18.35, 17.75, 66.66, 69.22,  0.405,  1.845,  0.00,  0.00, 90.63 , 75.33, 146.16,   7.36,0.,0.,   0.00,   0.00,  0.218
196.,1140.00, 16.17, 16.44, 71.99, 70.76,  0.384,  1.751,  0.00,  0.00, 90.66 , 85.50,  35.66,   5.83,0.,0.,   0.00,   0.00,  0.218
196.,1200.00, 14.91, 15.82, 76.60, 72.29,  0.364,  1.657,  0.00,  0.00, 90.80 , 90.00,   0.17,   5.16,0.,0.,   0.00,   0.00,  0.218
196.,1260.00, 14.55, 15.50, 78.51, 73.83,  0.343,  1.563,  0.00,  0.00, 91.04 , 90.00,   0.00,   4.87,0.,0.,   0.00,   0.00,  0.218
196.,1320.00, 14.33, 15.27, 80.10, 75.37,  0.322,  1.469,  0.00,  0.00, 91.23 , 90.00,   0.00,   4.68,0.,0.,   0.00,   0.00,  0.218
196.,1380.00, 14.19, 15.11, 81.65, 76.91,  0.302,  1.375,  0.00,  0.00, 91.37 , 90.00,   0.00,   4.58,0.,0.,   0.00,   0.00,  0.218
227.,   0.00, 15.20, 15.16, 78.66, 78.85,  0.281,  1.281,  0.00,  0.00, 92.10 , 90.00,   0.00,   4.73,0.,0.,   0.00,   0.00,  0.218
227.,  60.00, 14.78, 15.07, 84.17, 82.61,  0.225,  1.025,  0.00,  0.00, 92.09 , 90.00,   0.00,   4.84,0.,0.,   0.00,   0.00,  0.218
227., 120.00, 14.70, 15.00, 88.10, 86.37,  0.169,  0.769,  0.00,  0.00, 92.07 , 90.00,   0.00,   4.97,0.,0.,   0.00,   0.00,  0.218
227., 180.00, 14.68, 14.95, 91.70, 90.13,  0.113,  0.513,  0.00,  0.00, 92.04 , 90.00,   0.00,   5.12,0.,0.,   0.00,   0.00,  0.218
227., 240.00, 14.70, 14.91, 95.17, 93.89,  0.054,  0.246,  0.00,  0.00, 91.97 , 90.00,   0.00,   5.27,0.,0.,   0.00,   0.00,  0.218
227., 300.00, 14.88, 14.89, 97.88, 97.81,  0.051,  0.234,  0.00,  0.00, 91.76 , 90.00,   8.83,   5.43,0.,0.,   0.00,   0.00,  0.218
227., 360.00, 15.78, 15.09, 93.54, 97.81,  0.109,  0.494,  0.00,  0.00, 92.00 , 80.26,  87.04,   5.68,0.,0.,   0.00,   0.00,  0.218
227., 420.00, 18.17, 15.96, 79.75, 91.73,  0.166,  0.754,  0.00,  0.00, 92.08 , 69.43, 220.14,   6.47,0.,0.,   0.00,   0.00,  0.218
227., 480.00, 20.46, 17.29, 70.04, 85.36,  0.223,  1.015,  0.00,  0.00, 92.10 , 58.58, 354.75,   7.78,0.,0.,   0.00,   0.00,  0.218
227., 540.00, 22.57, 18.86, 62.87, 78.99,  0.280,  1.275,  0.00,  0.00, 92.10 , 48.16, 469.77,   9.37,0.,0.,   0.00,   0.00,  0.218
227., 600.00, 24.10, 20.44, 58.15, 72.62,  0.337,  1.535,  0.00,  0.00, 92.09 , 38.83, 559.32,  10.93,0.,0.,   0.00,   0.00,  0.218
227., 660.00, 24.90, 21.79, 49.62, 59.89,  0.394,  1.795,  0.00,  0.00, 92.08 , 31.86, 614.52,  11.65,0.,0.,   0.00,   0.00,  0.218
227., 720.00, 25.07, 22.68, 51.88, 59.89,  0.508,  2.315,  0.00,  0.00, 92.05 , 29.15, 634.41,  12.77,0.,0.,   0.00,   0.00,  0.218
227., 780.00, 25.13, 23.00, 54.09, 61.47,  0.508,  2.315,  0.00,  0.00, 91.99 , 31.86, 614.29,  13.30,0.,0.,   0.00,   0.00,  0.218
227., 840.00, 24.81, 22.68, 55.47, 63.05,  0.488,  2.221,  0.00,  0.00, 91.89 , 38.83, 560.64,  13.03,0.,0.,   0.00,   0.00,  0.218
227., 900.00, 23.76, 21.79, 57.34, 64.63,  0.467,  2.127,  0.00,  0.00, 91.72 , 48.16, 471.44,  12.03,0.,0.,   0.00,   0.00,  0.218
227., 960.00, 22.11, 20.44, 59.78, 66.21,  0.446,  2.033,  0.00,  0.00, 91.50 , 58.58, 356.43,  10.47,0.,0.,   0.00,   0.00,  0.218
227.,1020.00, 19.96, 18.86, 63.31, 67.79,  0.426,  1.939,  0.00,  0.00, 91.32 , 69.43, 221.45,   8.62,0.,0.,   0.00,   0.00,  0.218
227.,1080.00, 17.32, 17.29, 69.23, 69.37,  0.405,  1.845,  0.00,  0.00, 91.25 , 80.26,  87.66,   6.77,0.,0.,   0.00,   0.00,  0.218
227.,1140.00, 15.55, 16.30, 74.45, 70.95,  0.384,  1.751,  0.00,  0.00, 91.29 , 90.00,   8.89,   5.65,0.,0.,   0.00,   0.00,  0.218
227.,1200.00, 14.97, 15.93, 77.15, 72.53,  0.364,  1.657,  0.00,  0.00, 91.39 , 90.00,   0.00,   5.29,0.,0.,   0.00,   0.00,  0.218
227.,1260.00, 14.66, 15.65, 78.96, 74.11,  0.343,  1.563,  0.00,  0.00, 91.50 , 90.00,   0.00,   5.04,0.,0.,   0.00,   0.00,  0.218
227.,1320.00, 14.46, 15.44, 80.62, 75.69,  0.322,  1.469,  0.00,  0.00, 91.58 , 90.00,   0.00,   4.88,0.,0.,   0.00,   0.00,  0.218
227.,1380.00, 14.32, 15.28, 82.21, 77.27,  0.302,  1.375,  0.00,  0.00, 91.65 , 90.00,   0.00,   4.78,0.,0.,   0.00,   0.00,  0.218
258.,   0.00, 13.72, 13.81, 79.96, 79.50,  0.264,  1.200,  0.00,  0.00, 92.11 , 90.00,   0.00,   3.75,0.,0.,   0.00,   0.00,  0.218
258.,  60.00, 13.36, 13.72, 85.06, 83.10,  0.216,  0.984,  0.00,  0.00, 92.09 , 90.00,   0.00,   3.82,0.,0.,   0.00,   0.00,  0.218
258., 120.00, 13.26, 13.64, 88.88, 86.70,  0.168,  0.767,  0.00,  0.00, 92.07 , 90.00,   0.00,   3.91,0.,0.,   0.00,   0.00,  0.218
258., 180.00, 13.22, 13.59, 92.44, 90.29,  0.121,  0.550,  0.00,  0.00, 92.04 , 90.00,   0.00,   4.01,0.,0.,   0.00,   0.00,  0.218
258., 240.00, 13.20, 13.54, 96.01, 93.89,  0.051,  0.230,  0.00,  0.00, 91.96 , 90.00,   0.00,   4.12,0.,0.,   0.00,   0.00,  0.218
258., 300.00, 13.19, 13.51,100.00, 99.21,  0.024,  0.107,  0.00,  0.00, 91.42 , 90.00,   0.00,   4.32,0.,0.,   0.00,   0.00,  0.218
258., 360.00, 13.42, 13.50, 99.71, 99.21,  0.080,  0.365,  0.00,  0.00, 91.40 , 87.77,  13.07,   4.31,0.,0.,   0.00,   0.00,  0.218
258., 420.00, 15.09, 14.22, 90.28, 95.47,  0.137,  0.623,  0.00,  0.00, 92.05 , 76.90, 122.03,   5.02,0.,0.,   0.00,   0.00,  0.218
258., 480.00, 17.58, 15.52, 77.50, 88.34,  0.193,  0.881,  0.00,  0.00, 92.09 , 66.33, 243.60,   6.27,0.,0.,   0.00,   0.00,  0.218
258., 540.00, 19.92, 17.18, 68.39, 81.20,  0.250,  1.139,  0.00,  0.00, 92.10 , 56.51, 354.21,   7.93,0.,0.,   0.00,   0.00,  0.218
258., 600.00, 21.85, 18.91, 61.78, 74.07,  0.307,  1.397,  0.00,  0.00, 92.10 , 48.16, 449.08,   9.64,0.,0.,   0.00,   0.00,  0.218
258., 660.00, 22.98, 20.42, 51.13, 59.79,  0.363,  1.655,  0.00,  0.00, 92.10 , 42.31, 505.01,  10.55,0.,0.,   0.00,   0.00,  0.218
258., 720.00, 23.22, 21.44, 53.65, 59.79,  0.476,  2.171,  0.00,  0.00, 92.09 , 40.16, 524.43,  11.79,0.,0.,   0.00,   0.00,  0.218
258., 780.00, 23.45, 21.80, 55.58, 61.44,  0.476,  2.171,  0.00,  0.00, 92.08 , 42.31, 504.78,  12.34,0.,0.,   0.00,   0.00,  0.218
258., 840.00, 23.02, 21.44, 57.28, 63.08,  0.457,  2.083,  0.00,  0.00, 92.06 , 48.16, 450.48,  12.02,0.,0.,   0.00,   0.00,  0.218
258., 900.00, 21.74, 20.42, 59.66, 64.72,  0.438,  1.994,  0.00,  0.00, 92.05 , 56.51, 355.88,  10.89,0.,0.,   0.00,   0.00,  0.218
258., 960.00, 19.82, 18.91, 62.73, 66.36,  0.418,  1.906,  0.00,  0.00, 92.03 , 66.33, 245.14,   9.17,0.,0.,   0.00,   0.00,  0.218
258.,1020.00, 17.45, 17.18, 66.87, 68.01,  0.399,  1.818,  0.00,  0.00, 92.03 , 76.90, 122.99,   7.18,0.,0.,   0.00,   0.00,  0.218
258.,1080.00, 15.03, 15.52, 71.89, 69.65,  0.380,  1.730,  0.00,  0.00, 92.02 , 87.77,  13.19,   5.27,0.,0.,   0.00,   0.00,  0.218
258.,1140.00, 14.08, 14.94, 75.38, 71.29,  0.360,  1.642,  0.00,  0.00, 92.02 , 90.00,   0.00,   4.66,0.,0.,   0.00,   0.00,  0.218
258.,1200.00, 13.64, 14.58, 77.51, 72.93,  0.341,  1.553,  0.00,  0.00, 92.02 , 90.00,   0.00,   4.32,0.,0.,   0.00,   0.00,  0.218
258.,1260.00, 13.36, 14.31, 79.29, 74.57,  0.322,  1.465,  0.00,  0.00, 92.02 , 90.00,   0.00,   4.08,0.,0.,   0.00,   0.00,  0.218
258.,1320.00, 13.19, 14.10, 80.82, 76.22,  0.302,  1.377,  0.00,  0.00, 92.02 , 90.00,   0.00,   3.92,0.,0.,   0.00,   0.00,  0.218
258.,1380.00, 12.97, 13.93, 82.90, 77.86,  0.283,  1.289,  0.00,  0.00, 92.02 , 90.00,   0.00,   3.81,0.,0.,   0.00,   0.00,  0.218
288.,   0.00, 10.66, 10.89, 81.63, 80.40,  0.272,  1.241,  0.00,  0.00, 92.11 , 90.00,   0.00,   0.96,0.,0.,   0.00,   0.00,  0.218
288.,  60.00, 10.31, 10.79, 86.08, 83.37,  0.231,  1.052,  0.00,  0.00, 92.09 , 90.00,   0.00,   0.98,0.,0.,   0.00,   0.00,  0.218
288., 120.00, 10.19, 10.71, 89.38, 86.35,  0.190,  0.864,  0.00,  0.00, 92.08 , 90.00,   0.00,   1.01,0.,0.,   0.00,   0.00,  0.218
288., 180.00, 10.12, 10.64, 92.49, 89.32,  0.148,  0.675,  0.00,  0.00, 92.05 , 90.00,   0.00,   1.06,0.,0.,   0.00,   0.00,  0.218
288., 240.00, 10.07, 10.59, 95.56, 92.30,  0.107,  0.487,  0.00,  0.00, 91.99 , 90.00,   0.00,   1.12,0.,0.,   0.00,   0.00,  0.218
288., 300.00,  9.99, 10.55, 98.93, 95.27,  0.052,  0.238,  0.00,  0.00, 91.56 , 90.00,   0.00,   1.19,0.,0.,   0.00,   0.00,  0.218
288., 360.00,  9.92, 10.52,100.00, 99.20,  0.031,  0.142,  0.00,  0.00, 91.49 , 90.00,   0.06,   1.29,0.,0.,   0.00,   0.00,  0.218
288., 420.00, 10.56, 10.60, 99.46, 99.20,  0.097,  0.442,  0.00,  0.00, 91.48 , 85.05,  36.18,   1.40,0.,0.,   0.00,   0.00,  0.218
288., 480.00, 12.30, 11.59, 89.43, 93.73,  0.163,  0.742,  0.00,  0.00, 92.06 , 74.95, 138.15,   2.34,0.,0.,   0.00,   0.00,  0.218
288., 540.00, 14.98, 13.18, 76.26, 85.70,  0.229,  1.043,  0.00,  0.00, 92.10 , 65.89, 238.03,   3.90,0.,0.,   0.00,   0.00,  0.218
288., 600.00, 17.03, 15.04, 68.39, 77.67,  0.295,  1.343,  0.00,  0.00, 92.10 , 58.48, 325.71,   5.73,0.,0.,   0.00,   0.00,  0.218
288., 660.00, 18.46, 16.76, 55.34, 61.60,  0.361,  1.643,  0.00,  0.00, 92.11 , 53.52, 372.69,   6.91,0.,0.,   0.00,   0.00,  0.218
288., 720.00, 19.15, 17.97, 57.19, 61.60,  0.492,  2.243,  0.00,  0.00, 92.10 , 51.75, 395.89,   8.33,0.,0.,   0.00,   0.00,  0.218
288., 780.00, 19.47, 18.40, 59.08, 63.17,  0.492,  2.243,  0.00,  0.00, 92.10 , 53.52, 372.49,   8.93,0.,0.,   0.00,   0.00,  0.218
288., 840.00, 19.01, 17.97, 60.65, 64.74,  0.472,  2.152,  0.00,  0.00, 92.09 , 58.48, 327.20,   8.51,0.,0.,   0.00,   0.00,  0.218
288., 900.00, 17.58, 16.76, 62.95, 66.30,  0.452,  2.061,  0.00,  0.00, 92.09 , 65.89, 239.66,   7.18,0.,0.,   0.00,   0.00,  0.218
288., 960.00, 15.47, 15.04, 66.01, 67.87,  0.432,  1.970,  0.00,  0.00, 92.09 , 74.95, 139.42,   5.24,0.,0.,   0.00,   0.00,  0.218
288.,1020.00, 13.02, 13.18, 70.16, 69.44,  0.412,  1.879,  0.00,  0.00, 92.08 , 85.05,  36.60,   3.13,0.,0.,   0.00,   0.00,  0.218
288.,1080.00, 11.65, 12.34, 74.30, 71.00,  0.392,  1.787,  0.00,  0.00, 92.08 , 90.00,   0.06,   2.22,0.,0.,   0.00,   0.00,  0.218
288.,1140.00, 11.07, 11.94, 76.89, 72.57,  0.372,  1.696,  0.00,  0.00, 92.08 , 90.00,   0.00,   1.83,0.,0.,   0.00,   0.00,  0.218
288.,1200.00, 10.72, 11.62, 78.70, 74.13,  0.352,  1.605,  0.00,  0.00, 92.07 , 90.00,   0.00,   1.54,0.,0.,   0.00,   0.00,  0.218
288.,1260.00, 10.50, 11.37, 80.24, 75.70,  0.332,  1.514,  0.00,  0.00, 92.07 , 90.00,   0.00,   1.32,0.,0.,   0.00,   0.00,  0.218
288.,1320.00, 10.25, 11.17, 82.16, 77.27,  0.312,  1.423,  0.00,  0.00, 92.06 , 90.00,   0.00,   1.16,0.,0.,   0.00,   0.00,  0.218
288.,1380.00, 10.18, 11.01, 83.33, 78.83,  0.292,  1.332,  0.00,  0.00, 92.06 , 90.00,   0.00,   1.04,0.,0.,   0.00,   0.00,  0.218
319.,   0.00,  7.22,  7.57, 82.67, 80.70,  0.290,  1.321,  0.00,  0.00, 92.11 , 90.00,   0.00,  -2.12,0.,0.,   0.00,   0.00,  0.218
319.,  60.00,  6.91,  7.46, 86.51, 83.29,  0.252,  1.147,  0.00,  0.00, 92.10 , 90.00,   0.00,  -2.14,0.,0.,   0.00,   0.00,  0.218
319., 120.00,  6.78,  7.38, 89.45, 85.89,  0.213,  0.973,  0.00,  0.00, 92.09 , 90.00,   0.00,  -2.15,0.,0.,   0.00,   0.00,  0.218
319., 180.00,  6.70,  7.31, 92.25, 88.48,  0.175,  0.799,  0.00,  0.00, 92.07 , 90.00,   0.00,  -2.14,0.,0.,   0.00,   0.00,  0.218
319., 240.00,  6.63,  7.25, 95.02, 91.07,  0.137,  0.625,  0.00,  0.00, 92.03 , 90.00,   0.00,  -2.11,0.,0.,   0.00,   0.00,  0.218
319., 300.00,  6.56,  7.20, 97.90, 93.66,  0.099,  0.450,  0.00,  0.00, 91.88 , 90.00,   0.00,  -2.08,0.,0.,   0.00,   0.00,  0.218
319., 360.00,  6.45,  7.17,100.00, 96.26,  0.056,  0.253,  0.00,  0.00, 91.58 , 90.00,   0.00,  -2.04,0.,0.,   0.00,   0.00,  0.218
319., 420.00,  6.41,  7.14,100.00, 99.19,  0.045,  0.205,  0.00,  0.00, 91.57 , 90.00,   1.78,  -1.98,0.,0.,   0.00,   0.00,  0.218
319., 480.00,  7.40,  7.39, 99.14, 99.19,  0.125,  0.569,  0.00,  0.00, 91.55 , 82.65,  54.51,  -1.68,0.,0.,   0.00,   0.00,  0.218
319., 540.00,  9.30,  8.70, 87.30, 90.90,  0.205,  0.933,  0.00,  0.00, 92.08 , 74.29, 138.30,  -0.46,0.,0.,   0.00,   0.00,  0.218
319., 600.00, 11.73, 10.57, 75.30, 81.34,  0.285,  1.296,  0.00,  0.00, 92.10 , 67.65, 210.66,   1.34,0.,0.,   0.00,   0.00,  0.218
319., 660.00, 13.28, 12.47, 58.99, 62.21,  0.364,  1.660,  0.00,  0.00, 92.11 , 63.31, 256.12,   2.69,0.,0.,   0.00,   0.00,  0.218
319., 720.00, 14.48, 13.88, 59.83, 62.21,  0.524,  2.388,  0.00,  0.00, 92.11 , 61.79, 276.91,   4.30,0.,0.,   0.00,   0.00,  0.218
319., 780.00, 14.62, 14.40, 62.86, 63.75,  0.524,  2.388,  0.00,  0.00, 92.11 , 63.31, 255.95,   4.97,0.,0.,   0.00,   0.00,  0.218
319., 840.00, 14.20, 13.88, 63.95, 65.29,  0.503,  2.291,  0.00,  0.00, 92.10 , 67.65, 212.08,   4.45,0.,0.,   0.00,   0.00,  0.218
319., 900.00, 12.68, 12.47, 65.93, 66.83,  0.482,  2.194,  0.00,  0.00, 92.10 , 74.29, 139.70,   2.91,0.,0.,   0.00,   0.00,  0.218
319., 960.00, 10.46, 10.57, 68.88, 68.37,  0.460,  2.097,  0.00,  0.00, 92.10 , 82.65,  55.25,   0.80,0.,0.,   0.00,   0.00,  0.218
319.,1020.00,  8.79,  9.38, 72.78, 69.91,  0.439,  2.000,  0.00,  0.00, 92.10 , 90.00,   1.80,  -0.48,0.,0.,   0.00,   0.00,  0.218
319.,1080.00,  8.09,  8.94, 75.68, 71.45,  0.418,  1.903,  0.00,  0.00, 92.09 , 90.00,   0.00,  -0.92,0.,0.,   0.00,   0.00,  0.218
319.,1140.00,  7.70,  8.58, 77.52, 72.99,  0.396,  1.806,  0.00,  0.00, 92.09 , 90.00,   0.00,  -1.27,0.,0.,   0.00,   0.00,  0.218
319.,1200.00,  7.43,  8.29, 79.06, 74.54,  0.375,  1.709,  0.00,  0.00, 92.09 , 90.00,   0.00,  -1.54,0.,0.,   0.00,   0.00,  0.218
319.,1260.00,  7.15,  8.05, 80.90, 76.08,  0.354,  1.612,  0.00,  0.00, 92.08 , 90.00,   0.00,  -1.75,0.,0.,   0.00,   0.00,  0.218
319.,1320.00,  7.03,  7.86, 82.15, 77.62,  0.332,  1.515,  0.00,  0.00, 92.08 , 90.00,   0.00,  -1.91,0.,0.,   0.00,   0.00,  0.218
319.,1380.00,  6.82,  7.70, 84.09, 79.16,  0.311,  1.418,  0.00,  0.00, 92.08 , 90.00,   0.00,  -2.03,0.,0.,   0.00,   0.00,  0.218
349.,   0.00,  5.28,  5.59, 82.17, 80.40,  0.307,  1.401,  0.00,  0.00, 92.11 , 90.00,   0.00,  -3.54,0.,0.,   0.00,   0.00,  0.218
349.,  60.00,  4.95,  5.49, 86.03, 82.90,  0.268,  1.223,  0.00,  0.00, 92.10 , 90.00,   0.00,  -3.58,0.,0.,   0.00,   0.00,  0.218
349., 120.00,  4.83,  5.40, 88.87, 85.40,  0.229,  1.045,  0.00,  0.00, 92.09 , 90.00,   0.00,  -3.60,0.,0.,   0.00,   0.00,  0.218
349., 180.00,  4.74,  5.33, 91.55, 87.90,  0.190,  0.867,  0.00,  0.00, 92.07 , 90.00,   0.00,  -3.60,0.,0.,   0.00,   0.00,  0.218
349., 240.00,  4.68,  5.27, 94.21, 90.40,  0.151,  0.689,  0.00,  0.00, 92.04 , 90.00,   0.00,  -3.60,0.,0.,   0.00,   0.00,  0.218
349., 300.00,  4.61,  5.22, 96.95, 92.90,  0.112,  0.511,  0.00,  0.00, 91.96 , 90.00,   0.00,  -3.58,0.,0.,   0.00,   0.00,  0.218
349., 360.00,  4.49,  5.18,100.00, 95.40,  0.059,  0.269,  0.00,  0.00, 91.60 , 90.00,   0.00,  -3.56,0.,0.,   0.00,   0.00,  0.218
349., 420.00,  4.37,  5.15,100.00, 98.80,  0.027,  0.125,  0.00,  0.00, 91.59 , 90.00,   0.06,  -3.50,0.,0.,   0.00,   0.00,  0.218
349., 480.00,  4.89,  5.23,100.00, 98.80,  0.115,  0.526,  0.00,  0.00, 91.58 , 86.42,  22.96,  -3.40,0.,0.,   0.00,   0.00,  0.218
349., 540.00,  6.36,  6.40, 92.61, 92.32,  0.204,  0.927,  0.00,  0.00, 92.05 , 78.42,  88.17,  -2.28,0.,0.,   0.00,   0.00,  0.218
349., 600.00,  8.74,  8.24, 79.50, 82.21,  0.292,  1.329,  0.00,  0.00, 92.10 , 72.13, 152.66,  -0.54,0.,0.,   0.00,   0.00,  0.218
349., 660.00, 10.48, 10.19, 60.82, 62.00,  0.380,  1.730,  0.00,  0.00, 92.11 , 68.07, 195.78,   0.90,0.,0.,   0.00,   0.00,  0.218
349., 720.00, 11.57, 11.66, 62.36, 62.00,  0.556,  2.533,  0.00,  0.00, 92.11 , 66.65, 207.34,   2.54,0.,0.,   0.00,   0.00,  0.218
349., 780.00, 12.13, 12.20, 63.82, 63.54,  0.556,  2.533,  0.00,  0.00, 92.11 , 68.07, 195.64,   3.21,0.,0.,   0.00,   0.00,  0.218
349., 840.00, 11.59, 11.66, 65.33, 65.07,  0.533,  2.430,  0.00,  0.00, 92.11 , 72.13, 153.95,   2.66,0.,0.,   0.00,   0.00,  0.218
349., 900.00, 10.03, 10.19, 67.33, 66.60,  0.511,  2.327,  0.00,  0.00, 92.11 , 78.42,  89.29,   1.09,0.,0.,   0.00,   0.00,  0.218
349., 960.00,  7.86,  8.24, 69.94, 68.14,  0.488,  2.224,  0.00,  0.00, 92.10 , 86.42,  23.35,  -1.02,0.,0.,   0.00,   0.00,  0.218
349.,1020.00,  6.66,  7.38, 73.19, 69.67,  0.466,  2.121,  0.00,  0.00, 92.10 , 90.00,   0.06,  -1.92,0.,0.,   0.00,   0.00,  0.218
349.,1080.00,  6.11,  6.95, 75.45, 71.20,  0.443,  2.018,  0.00,  0.00, 92.10 , 90.00,   0.00,  -2.34,0.,0.,   0.00,   0.00,  0.218
349.,1140.00,  5.75,  6.60, 77.13, 72.73,  0.420,  1.915,  0.00,  0.00, 92.09 , 90.00,   0.00,  -2.68,0.,0.,   0.00,   0.00,  0.218
349.,1200.00,  5.48,  6.31, 78.67, 74.27,  0.398,  1.812,  0.00,  0.00, 92.09 , 90.00,   0.00,  -2.94,0.,0.,   0.00,   0.00,  0.218
349.,1260.00,  5.24,  6.08, 80.31, 75.80,  0.375,  1.709,  0.00,  0.00, 92.09 , 90.00,   0.00,  -3.15,0.,0.,   0.00,   0.00,  0.218
349.,1320.00,  5.09,  5.88, 81.73, 77.33,  0.353,  1.606,  0.00,  0.00, 92.09 , 90.00,   0.00,  -3.32,0.,0.,   0.00,   0.00,  0.218
349.,1380.00,  4.92,  5.72, 83.41, 78.87,  0.330,  1.503,  0.00,  0.00, 92.08 , 90.00,   0.00,  -3.44,0.,0.,   0.00,   0.00,  0.218
