 JULDAY,   TIME,   DEP1,   DEP2,   DEP3,   DEP4,   DEP5,   DEP6,   DEP7,   DEP8,   DEP9,  DEP10
 15.,   0.00,   5.28,   6.10,   6.52,   6.62,   6.61,   6.56,   6.44,   6.43,   6.83,  12.97
 15.,  60.00,   4.49,   5.80,   6.38,   6.55,   6.58,   6.55,   6.45,   6.43,   6.84,  12.97
 15., 120.00,   4.34,   5.55,   6.25,   6.47,   6.54,   6.54,   6.46,   6.43,   6.85,  12.97
 15., 180.00,   4.33,   5.39,   6.13,   6.38,   6.50,   6.53,   6.46,   6.44,   6.86,  12.97
 15., 240.00,   4.39,   5.29,   6.03,   6.30,   6.45,   6.50,   6.47,   6.44,   6.87,  12.97
 15., 300.00,   4.46,   5.24,   5.96,   6.22,   6.40,   6.48,   6.47,   6.44,   6.88,  12.97
 15., 360.00,   4.56,   5.24,   5.90,   6.16,   6.36,   6.45,   6.47,   6.45,   6.89,  12.97
 15., 420.00,   4.69,   5.25,   5.85,   6.11,   6.31,   6.42,   6.46,   6.45,   6.89,  12.97
 15., 480.00,   4.85,   5.27,   5.81,   6.09,   6.26,   6.39,   6.46,   6.45,   6.90,  12.97
 15., 540.00,   5.32,   5.31,   5.80,   6.05,   6.22,   6.36,   6.45,   6.46,   6.91,  12.97
 15., 600.00,   5.89,   5.54,   5.85,   6.00,   6.21,   6.33,   6.44,   6.46,   6.92,  12.97
 15., 660.00,   6.65,   5.81,   5.89,   6.03,   6.18,   6.31,   6.43,   6.46,   6.93,  12.97
 15., 720.00,   6.89,   6.18,   5.98,   6.04,   6.18,   6.29,   6.43,   6.47,   6.94,  12.97
 15., 780.00,   8.27,   6.47,   6.10,   6.09,   6.17,   6.28,   6.42,   6.47,   6.95,  12.97
 15., 840.00,   7.97,   6.81,   6.25,   6.15,   6.19,   6.27,   6.41,   6.47,   6.95,  12.97
 15., 900.00,   7.15,   6.88,   6.36,   6.23,   6.22,   6.27,   6.40,   6.47,   6.96,  12.97
 15., 960.00,   5.93,   6.63,   6.41,   6.29,   6.25,   6.28,   6.39,   6.48,   6.97,  12.97
 15.,1020.00,   4.79,   6.23,   6.36,   6.32,   6.28,   6.29,   6.39,   6.48,   6.98,  12.97
 15.,1080.00,   4.57,   5.80,   6.26,   6.30,   6.30,   6.31,   6.38,   6.48,   6.99,  12.97
 15.,1140.00,   4.13,   5.54,   6.13,   6.26,   6.30,   6.31,   6.38,   6.48,   7.00,  12.97
 15.,1200.00,   4.13,   5.28,   6.02,   6.20,   6.28,   6.32,   6.38,   6.48,   7.01,  12.97
 15.,1260.00,   3.84,   5.14,   5.90,   6.14,   6.25,   6.31,   6.38,   6.49,   7.01,  12.97
 15.,1320.00,   3.91,   4.97,   5.81,   6.07,   6.22,   6.30,   6.38,   6.49,   7.02,  12.97
 15.,1380.00,   3.72,   4.90,   5.71,   6.01,   6.18,   6.28,   6.38,   6.49,   7.03,  12.97
 46.,   0.00,   6.11,   7.00,   7.51,   7.62,   7.61,   7.54,   7.38,   7.32,   7.66,  12.97
 46.,  60.00,   5.14,   6.68,   7.37,   7.54,   7.57,   7.53,   7.39,   7.32,   7.67,  12.97
 46., 120.00,   4.99,   6.40,   7.23,   7.46,   7.53,   7.52,   7.40,   7.33,   7.68,  12.97
 46., 180.00,   5.02,   6.23,   7.09,   7.36,   7.48,   7.50,   7.41,   7.33,   7.68,  12.97
 46., 240.00,   5.11,   6.13,   6.98,   7.27,   7.42,   7.47,   7.41,   7.34,   7.69,  12.97
 46., 300.00,   5.26,   6.09,   6.90,   7.19,   7.37,   7.44,   7.41,   7.34,   7.70,  12.97
 46., 360.00,   5.43,   6.12,   6.83,   7.12,   7.31,   7.41,   7.41,   7.34,   7.71,  12.97
 46., 420.00,   5.50,   6.15,   6.78,   7.07,   7.26,   7.38,   7.40,   7.35,   7.71,  12.97
 46., 480.00,   5.96,   6.11,   6.75,   7.03,   7.21,   7.34,   7.40,   7.35,   7.72,  12.97
 46., 540.00,   6.41,   6.23,   6.79,   6.98,   7.18,   7.31,   7.39,   7.35,   7.73,  12.97
 46., 600.00,   6.75,   6.64,   6.80,   6.93,   7.17,   7.28,   7.38,   7.36,   7.74,  12.97
 46., 660.00,   7.97,   6.83,   6.87,   6.97,   7.12,   7.26,   7.37,   7.36,   7.74,  12.97
 46., 720.00,   7.66,   7.25,   6.95,   7.00,   7.12,   7.23,   7.36,   7.36,   7.75,  12.97
 46., 780.00,   8.64,   7.51,   7.07,   7.05,   7.12,   7.22,   7.35,   7.37,   7.76,  12.97
 46., 840.00,   8.72,   7.76,   7.20,   7.11,   7.14,   7.21,   7.34,   7.37,   7.77,  12.97
 46., 900.00,   8.14,   7.81,   7.31,   7.17,   7.16,   7.21,   7.33,   7.37,   7.77,  12.97
 46., 960.00,   7.07,   7.62,   7.35,   7.23,   7.20,   7.22,   7.32,   7.37,   7.78,  12.97
 46.,1020.00,   5.79,   7.21,   7.32,   7.26,   7.22,   7.23,   7.32,   7.38,   7.79,  12.97
 46.,1080.00,   4.92,   6.74,   7.21,   7.25,   7.24,   7.24,   7.31,   7.38,   7.80,  12.97
 46.,1140.00,   4.93,   6.31,   7.07,   7.21,   7.24,   7.25,   7.31,   7.38,   7.80,  12.97
 46.,1200.00,   4.39,   6.10,   6.91,   7.14,   7.22,   7.25,   7.31,   7.38,   7.81,  12.97
 46.,1260.00,   4.63,   5.82,   6.80,   7.06,   7.19,   7.25,   7.31,   7.38,   7.82,  12.97
 46.,1320.00,   4.18,   5.74,   6.66,   6.99,   7.15,   7.23,   7.31,   7.38,   7.83,  12.97
 46.,1380.00,   4.50,   5.55,   6.58,   6.90,   7.11,   7.21,   7.30,   7.39,   7.83,  12.97
 74.,   0.00,   6.77,   7.96,   8.57,   8.59,   8.66,   8.51,   8.31,   8.19,   8.46,  12.97
 74.,  60.00,   5.76,   7.57,   8.38,   8.55,   8.58,   8.51,   8.32,   8.19,   8.47,  12.97
 74., 120.00,   5.63,   7.25,   8.21,   8.46,   8.53,   8.50,   8.33,   8.20,   8.47,  12.97
 74., 180.00,   5.68,   7.06,   8.05,   8.36,   8.47,   8.48,   8.34,   8.20,   8.48,  12.97
 74., 240.00,   5.82,   6.96,   7.93,   8.26,   8.41,   8.45,   8.34,   8.21,   8.49,  12.97
 74., 300.00,   5.99,   6.92,   7.83,   8.17,   8.35,   8.41,   8.34,   8.21,   8.49,  12.97
 74., 360.00,   6.13,   6.95,   7.76,   8.09,   8.28,   8.38,   8.34,   8.22,   8.50,  12.97
 74., 420.00,   6.39,   6.96,   7.70,   8.03,   8.23,   8.34,   8.34,   8.22,   8.51,  12.97
 74., 480.00,   6.85,   7.02,   7.69,   7.97,   8.18,   8.30,   8.33,   8.22,   8.51,  12.97
 74., 540.00,   7.44,   7.25,   7.71,   7.92,   8.14,   8.26,   8.32,   8.23,   8.52,  12.97
 74., 600.00,   7.96,   7.67,   7.72,   7.91,   8.12,   8.23,   8.31,   8.23,   8.53,  12.97
 74., 660.00,   9.11,   7.88,   7.84,   7.92,   8.08,   8.20,   8.30,   8.23,   8.53,  12.97
 74., 720.00,   8.74,   8.29,   7.92,   7.96,   8.07,   8.18,   8.29,   8.24,   8.54,  12.97
 74., 780.00,   9.69,   8.54,   8.05,   8.01,   8.08,   8.16,   8.28,   8.24,   8.55,  12.97
 74., 840.00,   9.78,   8.78,   8.19,   8.07,   8.09,   8.16,   8.27,   8.24,   8.55,  12.97
 74., 900.00,   9.24,   8.84,   8.29,   8.14,   8.12,   8.16,   8.26,   8.25,   8.56,  12.97
 74., 960.00,   8.21,   8.66,   8.34,   8.20,   8.15,   8.16,   8.25,   8.25,   8.57,  12.97
 74.,1020.00,   6.91,   8.26,   8.31,   8.23,   8.18,   8.18,   8.24,   8.25,   8.57,  12.97
 74.,1080.00,   5.75,   7.75,   8.20,   8.23,   8.20,   8.19,   8.24,   8.25,   8.58,  12.97
 74.,1140.00,   5.42,   7.24,   8.05,   8.18,   8.20,   8.20,   8.24,   8.26,   8.58,  12.97
 74.,1200.00,   5.08,   6.92,   7.87,   8.11,   8.18,   8.20,   8.23,   8.26,   8.59,  12.97
 74.,1260.00,   5.05,   6.64,   7.72,   8.02,   8.15,   8.20,   8.23,   8.26,   8.60,  12.97
 74.,1320.00,   4.83,   6.47,   7.57,   7.93,   8.10,   8.18,   8.23,   8.26,   8.60,  12.97
 74.,1380.00,   4.90,   6.30,   7.45,   7.83,   8.05,   8.16,   8.23,   8.26,   8.61,  12.97
105.,   0.00,   8.38,   9.51,  10.20,  10.31,  10.28,  10.15,   9.89,   9.71,   9.86,  12.97
105.,  60.00,   7.23,   9.13,  10.02,  10.22,  10.23,  10.15,   9.90,   9.71,   9.87,  12.97
105., 120.00,   7.14,   8.81,   9.84,  10.11,  10.18,  10.13,   9.91,   9.71,   9.87,  12.97
105., 180.00,   7.25,   8.64,   9.68,  10.00,  10.11,  10.10,   9.92,   9.72,   9.88,  12.97
105., 240.00,   7.48,   8.56,   9.55,   9.89,  10.05,  10.07,   9.93,   9.72,   9.88,  12.97
105., 300.00,   7.67,   8.58,   9.46,   9.80,   9.98,  10.03,   9.93,   9.73,   9.89,  12.97
105., 360.00,   7.86,   8.60,   9.39,   9.72,   9.92,  10.00,   9.93,   9.73,   9.89,  12.97
105., 420.00,   8.26,   8.60,   9.35,   9.66,   9.86,   9.96,   9.92,   9.74,   9.90,  12.97
105., 480.00,   8.69,   8.75,   9.36,   9.60,   9.81,   9.92,   9.92,   9.74,   9.90,  12.97
105., 540.00,   9.10,   9.11,   9.35,   9.56,   9.78,   9.88,   9.91,   9.75,   9.91,  12.97
105., 600.00,  10.49,   9.33,   9.43,   9.56,   9.73,   9.85,   9.90,   9.75,   9.91,  12.97
105., 660.00,  10.39,   9.75,   9.51,   9.59,   9.71,   9.82,   9.89,   9.75,   9.92,  12.97
105., 720.00,  10.90,   9.93,   9.63,   9.62,   9.71,   9.80,   9.87,   9.76,   9.92,  12.97
105., 780.00,  11.56,  10.16,   9.73,   9.67,   9.71,   9.78,   9.86,   9.76,   9.93,  12.97
105., 840.00,  11.38,  10.39,   9.85,   9.73,   9.73,   9.78,   9.85,   9.76,   9.93,  12.97
105., 900.00,  10.92,  10.46,   9.94,   9.79,   9.76,   9.78,   9.84,   9.77,   9.94,  12.97
105., 960.00,  10.06,  10.33,   9.99,   9.84,   9.79,   9.78,   9.83,   9.77,   9.94,  12.97
105.,1020.00,   8.95,  10.00,   9.97,   9.88,   9.81,   9.79,   9.83,   9.77,   9.94,  12.97
105.,1080.00,   7.75,   9.52,   9.88,   9.87,   9.83,   9.81,   9.82,   9.77,   9.95,  12.97
105.,1140.00,   6.84,   9.00,   9.73,   9.83,   9.83,   9.82,   9.82,   9.78,   9.95,  12.97
105.,1200.00,   6.60,   8.53,   9.54,   9.76,   9.82,   9.82,   9.82,   9.78,   9.96,  12.97
105.,1260.00,   6.31,   8.24,   9.36,   9.67,   9.78,   9.81,   9.82,   9.78,   9.96,  12.97
105.,1320.00,   6.32,   7.99,   9.20,   9.57,   9.73,   9.80,   9.81,   9.78,   9.97,  12.97
105.,1380.00,   6.16,   7.84,   9.05,   9.47,   9.68,   9.77,   9.81,   9.78,   9.97,  12.97
135.,   0.00,  10.91,  12.21,  12.92,  13.05,  12.99,  12.84,  12.52,  12.28,  12.26,  12.97
135.,  60.00,   9.66,  11.76,  12.73,  12.94,  12.94,  12.83,  12.54,  12.28,  12.26,  12.97
135., 120.00,   9.64,  11.42,  12.53,  12.82,  12.88,  12.82,  12.55,  12.29,  12.26,  12.97
135., 180.00,   9.90,  11.25,  12.36,  12.70,  12.81,  12.79,  12.56,  12.29,  12.26,  12.97
135., 240.00,  10.27,  11.22,  12.23,  12.59,  12.74,  12.75,  12.57,  12.30,  12.26,  12.97
135., 300.00,  10.37,  11.24,  12.14,  12.49,  12.67,  12.71,  12.57,  12.30,  12.27,  12.97
135., 360.00,  10.45,  11.26,  12.08,  12.41,  12.60,  12.67,  12.57,  12.31,  12.27,  12.97
135., 420.00,  10.92,  11.31,  12.03,  12.34,  12.54,  12.63,  12.57,  12.31,  12.27,  12.97
135., 480.00,  11.50,  11.49,  12.01,  12.29,  12.49,  12.59,  12.56,  12.32,  12.27,  12.97
135., 540.00,  12.30,  11.75,  12.04,  12.26,  12.44,  12.55,  12.55,  12.32,  12.27,  12.97
135., 600.00,  12.94,  12.10,  12.11,  12.26,  12.41,  12.51,  12.54,  12.32,  12.27,  12.97
135., 660.00,  13.21,  12.37,  12.21,  12.27,  12.39,  12.48,  12.53,  12.33,  12.27,  12.97
135., 720.00,  13.04,  12.60,  12.31,  12.31,  12.38,  12.46,  12.51,  12.33,  12.28,  12.97
135., 780.00,  13.75,  12.75,  12.40,  12.35,  12.39,  12.45,  12.50,  12.33,  12.28,  12.97
135., 840.00,  13.75,  12.93,  12.49,  12.40,  12.40,  12.44,  12.49,  12.34,  12.28,  12.97
135., 900.00,  13.37,  12.99,  12.57,  12.45,  12.42,  12.44,  12.48,  12.34,  12.28,  12.97
135., 960.00,  12.65,  12.88,  12.61,  12.49,  12.44,  12.44,  12.47,  12.34,  12.28,  12.97
135.,1020.00,  11.69,  12.60,  12.59,  12.52,  12.47,  12.45,  12.46,  12.34,  12.28,  12.97
135.,1080.00,  10.60,  12.18,  12.51,  12.51,  12.48,  12.46,  12.46,  12.34,  12.28,  12.97
135.,1140.00,   9.50,  11.67,  12.37,  12.48,  12.48,  12.46,  12.45,  12.35,  12.28,  12.97
135.,1200.00,   8.89,  11.16,  12.18,  12.41,  12.46,  12.46,  12.45,  12.35,  12.29,  12.97
135.,1260.00,   8.74,  10.76,  11.99,  12.31,  12.42,  12.46,  12.45,  12.35,  12.29,  12.97
135.,1320.00,   8.51,  10.51,  11.80,  12.20,  12.37,  12.44,  12.44,  12.35,  12.29,  12.97
135.,1380.00,   8.56,  10.29,  11.64,  12.08,  12.31,  12.41,  12.44,  12.35,  12.29,  12.97
166.,   0.00,  14.08,  15.44,  16.12,  16.27,  16.17,  16.00,  15.63,  15.32,  15.09,  12.97
166.,  60.00,  12.71,  14.94,  15.94,  16.14,  16.12,  15.99,  15.65,  15.33,  15.08,  12.97
166., 120.00,  12.72,  14.57,  15.72,  16.01,  16.06,  15.97,  15.67,  15.33,  15.08,  12.97
166., 180.00,  13.02,  14.40,  15.54,  15.88,  15.98,  15.94,  15.68,  15.34,  15.08,  12.97
166., 240.00,  13.36,  14.36,  15.40,  15.76,  15.91,  15.91,  15.68,  15.34,  15.08,  12.97
166., 300.00,  13.50,  14.39,  15.30,  15.66,  15.83,  15.87,  15.69,  15.34,  15.07,  12.97
166., 360.00,  13.68,  14.42,  15.24,  15.57,  15.76,  15.82,  15.69,  15.35,  15.07,  12.97
166., 420.00,  14.15,  14.50,  15.19,  15.50,  15.70,  15.78,  15.68,  15.35,  15.07,  12.97
166., 480.00,  14.74,  14.69,  15.18,  15.45,  15.64,  15.73,  15.67,  15.36,  15.06,  12.97
166., 540.00,  15.47,  14.95,  15.21,  15.42,  15.59,  15.69,  15.66,  15.36,  15.06,  12.97
166., 600.00,  16.07,  15.28,  15.28,  15.42,  15.56,  15.65,  15.65,  15.36,  15.06,  12.97
166., 660.00,  15.69,  15.62,  15.37,  15.44,  15.54,  15.62,  15.64,  15.37,  15.06,  12.97
166., 720.00,  16.39,  15.65,  15.48,  15.46,  15.53,  15.60,  15.62,  15.37,  15.05,  12.97
166., 780.00,  16.62,  15.84,  15.54,  15.51,  15.54,  15.58,  15.61,  15.37,  15.05,  12.97
166., 840.00,  16.61,  16.00,  15.62,  15.54,  15.55,  15.58,  15.60,  15.37,  15.05,  12.97
166., 900.00,  16.31,  16.04,  15.69,  15.59,  15.56,  15.57,  15.59,  15.38,  15.05,  12.97
166., 960.00,  15.66,  15.93,  15.72,  15.62,  15.58,  15.57,  15.58,  15.38,  15.04,  12.97
166.,1020.00,  14.75,  15.66,  15.70,  15.64,  15.60,  15.58,  15.57,  15.38,  15.04,  12.97
166.,1080.00,  13.63,  15.26,  15.61,  15.63,  15.60,  15.58,  15.56,  15.38,  15.04,  12.97
166.,1140.00,  12.71,  14.73,  15.47,  15.59,  15.60,  15.58,  15.56,  15.38,  15.04,  12.97
166.,1200.00,  11.76,  14.26,  15.28,  15.52,  15.58,  15.58,  15.55,  15.38,  15.03,  12.97
166.,1260.00,  11.79,  13.78,  15.08,  15.41,  15.54,  15.57,  15.55,  15.38,  15.03,  12.97
166.,1320.00,  11.30,  13.56,  14.87,  15.30,  15.48,  15.55,  15.54,  15.38,  15.03,  12.97
166.,1380.00,  11.62,  13.27,  14.72,  15.18,  15.42,  15.52,  15.53,  15.38,  15.03,  12.97
196.,   0.00,  16.52,  17.80,  18.56,  18.64,  18.58,  18.39,  18.00,  17.66,  17.26,  12.97
196.,  60.00,  14.88,  17.27,  18.33,  18.54,  18.52,  18.38,  18.02,  17.66,  17.25,  12.97
196., 120.00,  14.88,  16.86,  18.09,  18.40,  18.45,  18.36,  18.03,  17.66,  17.25,  12.97
196., 180.00,  15.19,  16.68,  17.89,  18.26,  18.37,  18.33,  18.04,  17.67,  17.24,  12.97
196., 240.00,  15.58,  16.64,  17.75,  18.13,  18.29,  18.29,  18.05,  17.67,  17.23,  12.97
196., 300.00,  15.72,  16.67,  17.64,  18.02,  18.21,  18.24,  18.05,  17.68,  17.23,  12.97
196., 360.00,  15.87,  16.69,  17.57,  17.93,  18.13,  18.19,  18.05,  17.68,  17.22,  12.97
196., 420.00,  16.34,  16.76,  17.52,  17.85,  18.06,  18.15,  18.05,  17.68,  17.22,  12.97
196., 480.00,  16.91,  16.95,  17.50,  17.80,  18.00,  18.10,  18.04,  17.69,  17.21,  12.97
196., 540.00,  17.66,  17.20,  17.53,  17.76,  17.95,  18.05,  18.03,  17.69,  17.20,  12.97
196., 600.00,  18.23,  17.53,  17.60,  17.75,  17.91,  18.01,  18.01,  17.69,  17.20,  12.97
196., 660.00,  18.35,  17.76,  17.69,  17.77,  17.89,  17.98,  18.00,  17.69,  17.19,  12.97
196., 720.00,  18.09,  17.92,  17.76,  17.79,  17.88,  17.95,  17.98,  17.70,  17.19,  12.97
196., 780.00,  18.61,  18.05,  17.83,  17.82,  17.88,  17.94,  17.97,  17.70,  17.18,  12.97
196., 840.00,  18.71,  18.19,  17.90,  17.86,  17.88,  17.92,  17.95,  17.70,  17.18,  12.97
196., 900.00,  18.40,  18.23,  17.96,  17.89,  17.89,  17.92,  17.94,  17.70,  17.17,  12.97
196., 960.00,  17.72,  18.11,  17.99,  17.93,  17.91,  17.91,  17.93,  17.70,  17.16,  12.97
196.,1020.00,  16.77,  17.82,  17.96,  17.94,  17.92,  17.92,  17.92,  17.70,  17.16,  12.97
196.,1080.00,  15.59,  17.40,  17.86,  17.92,  17.92,  17.92,  17.91,  17.70,  17.15,  12.97
196.,1140.00,  14.68,  16.84,  17.71,  17.87,  17.91,  17.92,  17.90,  17.70,  17.15,  12.97
196.,1200.00,  13.70,  16.37,  17.50,  17.79,  17.88,  17.91,  17.89,  17.70,  17.14,  12.97
196.,1260.00,  13.88,  15.87,  17.30,  17.68,  17.84,  17.89,  17.88,  17.70,  17.14,  12.97
196.,1320.00,  13.25,  15.69,  17.08,  17.56,  17.78,  17.87,  17.88,  17.70,  17.13,  12.97
196.,1380.00,  13.76,  15.37,  16.93,  17.43,  17.70,  17.83,  17.87,  17.70,  17.13,  12.97
227.,   0.00,  16.50,  17.74,  18.40,  18.55,  18.45,  18.30,  17.94,  17.63,  17.25,  12.97
227.,  60.00,  14.91,  17.22,  18.22,  18.43,  18.41,  18.29,  17.96,  17.64,  17.24,  12.97
227., 120.00,  14.85,  16.81,  18.00,  18.30,  18.35,  18.27,  17.97,  17.64,  17.24,  12.97
227., 180.00,  15.02,  16.60,  17.80,  18.16,  18.27,  18.24,  17.98,  17.64,  17.23,  12.97
227., 240.00,  15.32,  16.52,  17.65,  18.03,  18.19,  18.20,  17.99,  17.65,  17.22,  12.97
227., 300.00,  15.56,  16.54,  17.55,  17.92,  18.11,  18.16,  17.99,  17.65,  17.22,  12.97
227., 360.00,  15.84,  16.58,  17.47,  17.83,  18.04,  18.11,  17.99,  17.65,  17.21,  12.97
227., 420.00,  16.23,  16.64,  17.42,  17.76,  17.97,  18.06,  17.98,  17.66,  17.21,  12.97
227., 480.00,  16.71,  16.83,  17.41,  17.70,  17.90,  18.02,  17.97,  17.66,  17.20,  12.97
227., 540.00,  17.14,  17.16,  17.41,  17.67,  17.86,  17.97,  17.96,  17.66,  17.19,  12.97
227., 600.00,  18.39,  17.38,  17.50,  17.65,  17.82,  17.93,  17.95,  17.66,  17.19,  12.97
227., 660.00,  18.06,  17.72,  17.58,  17.67,  17.80,  17.90,  17.94,  17.67,  17.18,  12.97
227., 720.00,  18.15,  17.84,  17.68,  17.70,  17.79,  17.88,  17.92,  17.67,  17.18,  12.97
227., 780.00,  18.69,  18.02,  17.75,  17.73,  17.79,  17.86,  17.90,  17.67,  17.17,  12.97
227., 840.00,  18.78,  18.19,  17.83,  17.78,  17.80,  17.85,  17.89,  17.67,  17.17,  12.97
227., 900.00,  18.40,  18.23,  17.90,  17.82,  17.81,  17.84,  17.88,  17.67,  17.16,  12.97
227., 960.00,  17.59,  18.08,  17.93,  17.85,  17.83,  17.84,  17.87,  17.67,  17.15,  12.97
227.,1020.00,  16.48,  17.73,  17.89,  17.87,  17.85,  17.84,  17.85,  17.67,  17.15,  12.97
227.,1080.00,  15.16,  17.25,  17.78,  17.85,  17.85,  17.85,  17.85,  17.67,  17.14,  12.97
227.,1140.00,  14.37,  16.65,  17.61,  17.79,  17.84,  17.84,  17.84,  17.67,  17.14,  12.97
227.,1200.00,  13.72,  16.20,  17.39,  17.71,  17.81,  17.84,  17.83,  17.67,  17.13,  12.97
227.,1260.00,  13.91,  15.79,  17.20,  17.59,  17.76,  17.82,  17.82,  17.67,  17.13,  12.97
227.,1320.00,  13.38,  15.64,  17.00,  17.47,  17.70,  17.80,  17.82,  17.66,  17.12,  12.97
227.,1380.00,  13.86,  15.36,  16.86,  17.34,  17.63,  17.76,  17.81,  17.66,  17.12,  12.97
258.,   0.00,  15.07,  16.17,  16.79,  16.91,  16.85,  16.71,  16.42,  16.19,  15.92,  12.97
258.,  60.00,  13.67,  15.73,  16.62,  16.81,  16.80,  16.71,  16.44,  16.19,  15.92,  12.97
258., 120.00,  13.56,  15.36,  16.43,  16.70,  16.75,  16.69,  16.45,  16.19,  15.91,  12.97
258., 180.00,  13.68,  15.16,  16.25,  16.58,  16.69,  16.66,  16.46,  16.20,  15.91,  12.97
258., 240.00,  13.95,  15.07,  16.11,  16.47,  16.62,  16.63,  16.46,  16.20,  15.90,  12.97
258., 300.00,  14.26,  15.08,  16.01,  16.37,  16.54,  16.59,  16.46,  16.20,  15.90,  12.97
258., 360.00,  14.38,  15.12,  15.95,  16.28,  16.48,  16.55,  16.46,  16.20,  15.89,  12.97
258., 420.00,  14.53,  15.17,  15.90,  16.22,  16.42,  16.51,  16.46,  16.21,  15.89,  12.97
258., 480.00,  15.13,  15.26,  15.87,  16.16,  16.36,  16.47,  16.45,  16.21,  15.89,  12.97
258., 540.00,  15.81,  15.51,  15.88,  16.13,  16.32,  16.43,  16.44,  16.21,  15.88,  12.97
258., 600.00,  16.67,  15.82,  15.94,  16.11,  16.28,  16.39,  16.43,  16.21,  15.88,  12.97
258., 660.00,  16.82,  16.14,  16.03,  16.12,  16.26,  16.36,  16.41,  16.21,  15.87,  12.97
258., 720.00,  16.78,  16.35,  16.13,  16.15,  16.25,  16.34,  16.40,  16.21,  15.87,  12.97
258., 780.00,  17.68,  16.52,  16.22,  16.19,  16.25,  16.32,  16.39,  16.22,  15.87,  12.97
258., 840.00,  17.59,  16.74,  16.32,  16.24,  16.26,  16.31,  16.37,  16.22,  15.86,  12.97
258., 900.00,  17.06,  16.80,  16.40,  16.29,  16.28,  16.31,  16.36,  16.22,  15.86,  12.97
258., 960.00,  16.20,  16.62,  16.44,  16.33,  16.30,  16.31,  16.35,  16.22,  15.85,  12.97
258.,1020.00,  14.89,  16.26,  16.40,  16.36,  16.32,  16.32,  16.34,  16.22,  15.85,  12.97
258.,1080.00,  13.69,  15.72,  16.28,  16.34,  16.33,  16.32,  16.34,  16.22,  15.85,  12.97
258.,1140.00,  12.81,  15.18,  16.10,  16.28,  16.32,  16.32,  16.33,  16.21,  15.84,  12.97
258.,1200.00,  12.81,  14.72,  15.90,  16.19,  16.29,  16.32,  16.32,  16.21,  15.84,  12.97
258.,1260.00,  12.38,  14.48,  15.71,  16.09,  16.25,  16.31,  16.32,  16.21,  15.84,  12.97
258.,1320.00,  12.58,  14.21,  15.55,  15.97,  16.19,  16.28,  16.31,  16.21,  15.83,  12.97
258.,1380.00,  12.29,  14.12,  15.39,  15.87,  16.12,  16.25,  16.30,  16.21,  15.83,  12.97
288.,   0.00,  11.82,  12.79,  13.25,  13.40,  13.31,  13.24,  13.03,  12.90,  12.87,  12.97
288.,  60.00,  10.71,  12.42,  13.14,  13.30,  13.30,  13.23,  13.04,  12.90,  12.87,  12.97
288., 120.00,  10.57,  12.10,  12.99,  13.21,  13.26,  13.22,  13.05,  12.90,  12.87,  12.97
288., 180.00,  10.61,  11.92,  12.84,  13.12,  13.21,  13.20,  13.06,  12.90,  12.87,  12.97
288., 240.00,  10.74,  11.82,  12.72,  13.03,  13.16,  13.18,  13.06,  12.91,  12.87,  12.97
288., 300.00,  10.91,  11.78,  12.63,  12.94,  13.10,  13.15,  13.07,  12.91,  12.87,  12.97
288., 360.00,  11.08,  11.82,  12.57,  12.87,  13.05,  13.12,  13.06,  12.91,  12.87,  12.97
288., 420.00,  11.25,  11.84,  12.51,  12.81,  12.99,  13.08,  13.06,  12.92,  12.87,  12.97
288., 480.00,  11.70,  11.85,  12.49,  12.77,  12.94,  13.05,  13.06,  12.92,  12.87,  12.97
288., 540.00,  12.17,  12.02,  12.51,  12.72,  12.90,  13.02,  13.05,  12.92,  12.87,  12.97
288., 600.00,  12.62,  12.43,  12.52,  12.68,  12.89,  12.98,  13.04,  12.92,  12.87,  12.97
288., 660.00,  13.65,  12.60,  12.61,  12.70,  12.85,  12.96,  13.03,  12.92,  12.87,  12.97
288., 720.00,  13.88,  12.89,  12.70,  12.73,  12.84,  12.94,  13.02,  12.93,  12.87,  12.97
288., 780.00,  14.36,  13.20,  12.80,  12.77,  12.84,  12.92,  13.01,  12.93,  12.87,  12.97
288., 840.00,  14.35,  13.45,  12.92,  12.83,  12.85,  12.91,  13.00,  12.93,  12.87,  12.97
288., 900.00,  13.95,  13.48,  13.02,  12.89,  12.87,  12.91,  12.99,  12.93,  12.87,  12.97
288., 960.00,  12.57,  13.34,  13.05,  12.94,  12.90,  12.91,  12.98,  12.93,  12.87,  12.97
288.,1020.00,  11.67,  12.84,  13.03,  12.96,  12.92,  12.92,  12.97,  12.93,  12.88,  12.97
288.,1080.00,  10.16,  12.43,  12.89,  12.95,  12.93,  12.93,  12.96,  12.93,  12.88,  12.97
288.,1140.00,  10.52,  11.85,  12.76,  12.90,  12.93,  12.94,  12.96,  12.93,  12.88,  12.97
288.,1200.00,   9.55,  11.70,  12.56,  12.83,  12.91,  12.93,  12.96,  12.93,  12.88,  12.97
288.,1260.00,  10.18,  11.30,  12.45,  12.73,  12.87,  12.93,  12.95,  12.93,  12.88,  12.97
288.,1320.00,   9.37,  11.30,  12.27,  12.66,  12.82,  12.91,  12.95,  12.93,  12.88,  12.97
288.,1380.00,  10.02,  11.00,  12.20,  12.55,  12.78,  12.88,  12.95,  12.93,  12.88,  12.97
319.,   0.00,   8.24,   9.03,   9.43,   9.49,   9.48,   9.40,   9.27,   9.22,   9.45,  12.97
319.,  60.00,   7.34,   8.74,   9.32,   9.44,   9.45,   9.40,   9.28,   9.22,   9.45,  12.97
319., 120.00,   7.18,   8.48,   9.20,   9.38,   9.42,   9.40,   9.29,   9.23,   9.46,  12.97
319., 180.00,   7.18,   8.31,   9.08,   9.30,   9.38,   9.38,   9.29,   9.23,   9.46,  12.97
319., 240.00,   7.25,   8.21,   8.98,   9.23,   9.34,   9.37,   9.30,   9.23,   9.47,  12.97
319., 300.00,   7.34,   8.17,   8.90,   9.16,   9.30,   9.34,   9.30,   9.24,   9.47,  12.97
319., 360.00,   7.45,   8.16,   8.84,   9.10,   9.25,   9.32,   9.30,   9.24,   9.48,  12.97
319., 420.00,   7.59,   8.17,   8.79,   9.05,   9.21,   9.29,   9.30,   9.24,   9.48,  12.97
319., 480.00,   7.81,   8.18,   8.76,   9.01,   9.17,   9.27,   9.29,   9.24,   9.49,  12.97
319., 540.00,   8.23,   8.25,   8.76,   8.97,   9.14,   9.24,   9.29,   9.25,   9.49,  12.97
319., 600.00,   8.75,   8.50,   8.77,   8.94,   9.12,   9.21,   9.28,   9.25,   9.50,  12.97
319., 660.00,   9.45,   8.72,   8.81,   8.94,   9.09,   9.19,   9.27,   9.25,   9.50,  12.97
319., 720.00,   9.58,   9.05,   8.88,   8.96,   9.07,   9.17,   9.27,   9.25,   9.51,  12.97
319., 780.00,  10.99,   9.27,   8.99,   8.99,   9.07,   9.16,   9.26,   9.26,   9.51,  12.97
319., 840.00,  10.63,   9.60,   9.11,   9.04,   9.08,   9.15,   9.25,   9.26,   9.52,  12.97
319., 900.00,   9.90,   9.66,   9.21,   9.09,   9.10,   9.14,   9.24,   9.26,   9.52,  12.97
319., 960.00,   8.72,   9.44,   9.25,   9.14,   9.12,   9.15,   9.23,   9.26,   9.53,  12.97
319.,1020.00,   7.70,   9.03,   9.20,   9.17,   9.14,   9.15,   9.23,   9.26,   9.53,  12.97
319.,1080.00,   7.19,   8.62,   9.10,   9.15,   9.15,   9.16,   9.22,   9.26,   9.54,  12.97
319.,1140.00,   6.94,   8.31,   8.97,   9.11,   9.15,   9.17,   9.22,   9.26,   9.54,  12.97
319.,1200.00,   6.77,   8.08,   8.85,   9.06,   9.13,   9.17,   9.22,   9.27,   9.55,  12.97
319.,1260.00,   6.64,   7.90,   8.74,   8.99,   9.11,   9.16,   9.22,   9.27,   9.55,  12.97
319.,1320.00,   6.53,   7.77,   8.63,   8.92,   9.07,   9.15,   9.21,   9.27,   9.56,  12.97
319.,1380.00,   6.45,   7.68,   8.54,   8.86,   9.03,   9.13,   9.21,   9.27,   9.56,  12.97
349.,   0.00,   6.22,   6.92,   7.28,   7.35,   7.33,   7.27,   7.17,   7.15,   7.51,  12.97
349.,  60.00,   5.35,   6.65,   7.19,   7.30,   7.31,   7.27,   7.17,   7.15,   7.52,  12.97
349., 120.00,   5.19,   6.41,   7.08,   7.25,   7.29,   7.27,   7.18,   7.16,   7.53,  12.97
349., 180.00,   5.18,   6.25,   6.97,   7.18,   7.25,   7.26,   7.19,   7.16,   7.54,  12.97
349., 240.00,   5.24,   6.15,   6.88,   7.11,   7.22,   7.24,   7.19,   7.16,   7.55,  12.97
349., 300.00,   5.31,   6.11,   6.80,   7.05,   7.18,   7.22,   7.19,   7.17,   7.55,  12.97
349., 360.00,   5.42,   6.10,   6.74,   6.99,   7.14,   7.20,   7.19,   7.17,   7.56,  12.97
349., 420.00,   5.56,   6.11,   6.70,   6.95,   7.10,   7.18,   7.19,   7.17,   7.57,  12.97
349., 480.00,   5.68,   6.13,   6.67,   6.91,   7.06,   7.15,   7.19,   7.18,   7.58,  12.97
349., 540.00,   6.08,   6.13,   6.65,   6.87,   7.03,   7.13,   7.19,   7.18,   7.58,  12.97
349., 600.00,   6.54,   6.31,   6.68,   6.84,   7.01,   7.11,   7.18,   7.18,   7.59,  12.97
349., 660.00,   7.17,   6.54,   6.69,   6.84,   6.98,   7.09,   7.17,   7.19,   7.60,  12.97
349., 720.00,   7.46,   6.86,   6.76,   6.84,   6.97,   7.07,   7.17,   7.19,   7.61,  12.97
349., 780.00,   8.79,   7.12,   6.86,   6.87,   6.96,   7.05,   7.16,   7.19,   7.62,  12.97
349., 840.00,   8.20,   7.50,   6.97,   6.92,   6.97,   7.04,   7.15,   7.19,   7.62,  12.97
349., 900.00,   7.68,   7.53,   7.08,   6.97,   6.98,   7.04,   7.14,   7.20,   7.63,  12.97
349., 960.00,   6.53,   7.29,   7.12,   7.02,   7.01,   7.04,   7.14,   7.20,   7.64,  12.97
349.,1020.00,   5.69,   6.90,   7.07,   7.05,   7.03,   7.05,   7.13,   7.20,   7.65,  12.97
349.,1080.00,   5.28,   6.54,   6.98,   7.04,   7.04,   7.06,   7.13,   7.20,   7.65,  12.97
349.,1140.00,   5.07,   6.27,   6.87,   7.00,   7.04,   7.06,   7.13,   7.20,   7.66,  12.97
349.,1200.00,   4.85,   6.07,   6.76,   6.95,   7.02,   7.06,   7.12,   7.21,   7.67,  12.97
349.,1260.00,   4.77,   5.90,   6.66,   6.89,   7.00,   7.06,   7.12,   7.21,   7.68,  12.97
349.,1320.00,   4.65,   5.78,   6.57,   6.83,   6.97,   7.05,   7.12,   7.21,   7.68,  12.97
349.,1380.00,   4.63,   5.67,   6.49,   6.77,   6.94,   7.03,   7.12,   7.21,   7.69,  12.97
